roster,capacity,hand_size,days,window,discard_limit,gain_threshold,budget,seed,focal_seats,opponent_revision,timeout,embarrassment,total_spent,budget_remaining,sockless_days,faults,fault_details,budget_exhausted_on_day,source_sha256,python_version
"2,2,2,2",28,4,730,40,1,6,120.0,4001,"0,1,2,3",8ddbf1da444305a57c12cf2b9c60b04f5ffbdd6b,1,680.75,120.0,0.0,0,0,,,640cb7b3450d4ffa1f74d9e5c8901966f766738b3abb9c71c2aa8a972c15a6d8,3.13.13
"2,2,2,2",28,4,730,40,1,6,120.0,4002,"0,1,2,3",8ddbf1da444305a57c12cf2b9c60b04f5ffbdd6b,1,1385.25,110.0,10.0,0,0,,,640cb7b3450d4ffa1f74d9e5c8901966f766738b3abb9c71c2aa8a972c15a6d8,3.13.13
"2,2,2,2",28,4,730,40,1,6,120.0,4003,"0,1,2,3",8ddbf1da444305a57c12cf2b9c60b04f5ffbdd6b,1,676.0,120.0,0.0,0,0,,726,640cb7b3450d4ffa1f74d9e5c8901966f766738b3abb9c71c2aa8a972c15a6d8,3.13.13
"2,2,2,2",28,4,730,40,1,6,120.0,4004,"0,1,2,3",8ddbf1da444305a57c12cf2b9c60b04f5ffbdd6b,1,307.5,110.0,10.0,0,0,,,640cb7b3450d4ffa1f74d9e5c8901966f766738b3abb9c71c2aa8a972c15a6d8,3.13.13
"2,2,2,2",28,4,730,40,1,6,120.0,4005,"0,1,2,3",8ddbf1da444305a57c12cf2b9c60b04f5ffbdd6b,1,546.0,120.0,0.0,0,0,,721,640cb7b3450d4ffa1f74d9e5c8901966f766738b3abb9c71c2aa8a972c15a6d8,3.13.13
"2,2,2,2",28,4,730,40,1,6,120.0,4006,"0,1,2,3",8ddbf1da444305a57c12cf2b9c60b04f5ffbdd6b,1,1636.25,120.0,0.0,0,0,,,640cb7b3450d4ffa1f74d9e5c8901966f766738b3abb9c71c2aa8a972c15a6d8,3.13.13
"2,2,2,2",28,4,730,40,1,6,120.0,4007,"0,1,2,3",8ddbf1da444305a57c12cf2b9c60b04f5ffbdd6b,1,1247.25,120.0,0.0,0,0,,,640cb7b3450d4ffa1f74d9e5c8901966f766738b3abb9c71c2aa8a972c15a6d8,3.13.13
"2,2,2,2",28,4,730,40,1,6,120.0,4008,"0,1,2,3",8ddbf1da444305a57c12cf2b9c60b04f5ffbdd6b,1,2351.25,120.0,0.0,0,0,,,640cb7b3450d4ffa1f74d9e5c8901966f766738b3abb9c71c2aa8a972c15a6d8,3.13.13
"2,2,2,2",28,4,730,40,1,6,120.0,4009,"0,1,2,3",8ddbf1da444305a57c12cf2b9c60b04f5ffbdd6b,1,305.5,120.0,0.0,0,0,,,640cb7b3450d4ffa1f74d9e5c8901966f766738b3abb9c71c2aa8a972c15a6d8,3.13.13
"2,2,2,2",28,4,730,40,1,6,120.0,4010,"0,1,2,3",8ddbf1da444305a57c12cf2b9c60b04f5ffbdd6b,1,1178.75,120.0,0.0,0,0,,,640cb7b3450d4ffa1f74d9e5c8901966f766738b3abb9c71c2aa8a972c15a6d8,3.13.13
"2,2,2,2",28,4,730,40,1,6,120.0,4011,"0,1,2,3",8ddbf1da444305a57c12cf2b9c60b04f5ffbdd6b,1,1658.0,120.0,0.0,0,0,,,640cb7b3450d4ffa1f74d9e5c8901966f766738b3abb9c71c2aa8a972c15a6d8,3.13.13
"2,2,2,2",28,4,730,40,1,6,120.0,4012,"0,1,2,3",8ddbf1da444305a57c12cf2b9c60b04f5ffbdd6b,1,1851.5,120.0,0.0,0,0,,,640cb7b3450d4ffa1f74d9e5c8901966f766738b3abb9c71c2aa8a972c15a6d8,3.13.13
"2,2,2,2",28,4,730,40,1,6,120.0,4013,"0,1,2,3",8ddbf1da444305a57c12cf2b9c60b04f5ffbdd6b,1,691.0,120.0,0.0,0,0,,,640cb7b3450d4ffa1f74d9e5c8901966f766738b3abb9c71c2aa8a972c15a6d8,3.13.13
"2,2,2,2",28,4,730,40,1,6,120.0,4014,"0,1,2,3",8ddbf1da444305a57c12cf2b9c60b04f5ffbdd6b,1,1210.75,120.0,0.0,0,0,,,640cb7b3450d4ffa1f74d9e5c8901966f766738b3abb9c71c2aa8a972c15a6d8,3.13.13
"2,2,2,2",28,4,730,40,1,6,120.0,4015,"0,1,2,3",8ddbf1da444305a57c12cf2b9c60b04f5ffbdd6b,1,1592.75,120.0,0.0,0,0,,,640cb7b3450d4ffa1f74d9e5c8901966f766738b3abb9c71c2aa8a972c15a6d8,3.13.13
"2,2,2,2",28,4,730,40,1,6,120.0,4016,"0,1,2,3",8ddbf1da444305a57c12cf2b9c60b04f5ffbdd6b,1,1937.0,120.0,0.0,0,0,,,640cb7b3450d4ffa1f74d9e5c8901966f766738b3abb9c71c2aa8a972c15a6d8,3.13.13
"2,2,2,2",28,4,730,40,1,6,120.0,4017,"0,1,2,3",8ddbf1da444305a57c12cf2b9c60b04f5ffbdd6b,1,916.75,120.0,0.0,0,0,,,640cb7b3450d4ffa1f74d9e5c8901966f766738b3abb9c71c2aa8a972c15a6d8,3.13.13
"2,2,2,2",28,4,730,40,1,6,120.0,4018,"0,1,2,3",8ddbf1da444305a57c12cf2b9c60b04f5ffbdd6b,1,585.25,120.0,0.0,0,0,,,640cb7b3450d4ffa1f74d9e5c8901966f766738b3abb9c71c2aa8a972c15a6d8,3.13.13
"2,2,2,2",28,4,730,40,1,6,120.0,4019,"0,1,2,3",8ddbf1da444305a57c12cf2b9c60b04f5ffbdd6b,1,978.75,120.0,0.0,0,0,,704,640cb7b3450d4ffa1f74d9e5c8901966f766738b3abb9c71c2aa8a972c15a6d8,3.13.13
"2,2,2,2",28,4,730,40,1,6,120.0,4020,"0,1,2,3",8ddbf1da444305a57c12cf2b9c60b04f5ffbdd6b,1,1936.25,120.0,0.0,0,0,,,640cb7b3450d4ffa1f74d9e5c8901966f766738b3abb9c71c2aa8a972c15a6d8,3.13.13
"2,2,2,2",28,4,730,40,1,6,120.0,4021,"0,1,2,3",8ddbf1da444305a57c12cf2b9c60b04f5ffbdd6b,1,981.25,120.0,0.0,0,0,,717,640cb7b3450d4ffa1f74d9e5c8901966f766738b3abb9c71c2aa8a972c15a6d8,3.13.13
"2,2,2,2",28,4,730,40,1,6,120.0,4022,"0,1,2,3",8ddbf1da444305a57c12cf2b9c60b04f5ffbdd6b,1,1801.0,120.0,0.0,0,0,,,640cb7b3450d4ffa1f74d9e5c8901966f766738b3abb9c71c2aa8a972c15a6d8,3.13.13
"2,2,2,2",28,4,730,40,1,6,120.0,4023,"0,1,2,3",8ddbf1da444305a57c12cf2b9c60b04f5ffbdd6b,1,331.0,110.0,10.0,0,0,,,640cb7b3450d4ffa1f74d9e5c8901966f766738b3abb9c71c2aa8a972c15a6d8,3.13.13
"2,2,2,2",28,4,730,40,1,6,120.0,4024,"0,1,2,3",8ddbf1da444305a57c12cf2b9c60b04f5ffbdd6b,1,706.0,110.0,10.0,0,0,,,640cb7b3450d4ffa1f74d9e5c8901966f766738b3abb9c71c2aa8a972c15a6d8,3.13.13
"2,2,2,2",28,4,730,40,1,6,120.0,4025,"0,1,2,3",8ddbf1da444305a57c12cf2b9c60b04f5ffbdd6b,1,1355.75,120.0,0.0,0,0,,730,640cb7b3450d4ffa1f74d9e5c8901966f766738b3abb9c71c2aa8a972c15a6d8,3.13.13
"2,2,2,2",28,4,730,40,1,6,120.0,4026,"0,1,2,3",8ddbf1da444305a57c12cf2b9c60b04f5ffbdd6b,1,2057.25,120.0,0.0,0,0,,,640cb7b3450d4ffa1f74d9e5c8901966f766738b3abb9c71c2aa8a972c15a6d8,3.13.13
"2,2,2,2",28,4,730,40,1,6,120.0,4027,"0,1,2,3",8ddbf1da444305a57c12cf2b9c60b04f5ffbdd6b,1,846.25,120.0,0.0,0,0,,726,640cb7b3450d4ffa1f74d9e5c8901966f766738b3abb9c71c2aa8a972c15a6d8,3.13.13
"2,2,2,2",28,4,730,40,1,6,120.0,4028,"0,1,2,3",8ddbf1da444305a57c12cf2b9c60b04f5ffbdd6b,1,994.0,120.0,0.0,0,0,,,640cb7b3450d4ffa1f74d9e5c8901966f766738b3abb9c71c2aa8a972c15a6d8,3.13.13
"2,2,2,2",28,4,730,40,1,6,120.0,4029,"0,1,2,3",8ddbf1da444305a57c12cf2b9c60b04f5ffbdd6b,1,610.5,120.0,0.0,0,0,,718,640cb7b3450d4ffa1f74d9e5c8901966f766738b3abb9c71c2aa8a972c15a6d8,3.13.13
"2,2,2,2",28,4,730,40,1,6,120.0,4030,"0,1,2,3",8ddbf1da444305a57c12cf2b9c60b04f5ffbdd6b,1,1653.0,110.0,10.0,0,0,,,640cb7b3450d4ffa1f74d9e5c8901966f766738b3abb9c71c2aa8a972c15a6d8,3.13.13
"2,2,2,2",28,4,730,40,1,6,400.0,4001,"0,1,2,3",8ddbf1da444305a57c12cf2b9c60b04f5ffbdd6b,1,964.5,130.0,270.0,0,0,,,640cb7b3450d4ffa1f74d9e5c8901966f766738b3abb9c71c2aa8a972c15a6d8,3.13.13
"2,2,2,2",28,4,730,40,1,6,400.0,4002,"0,1,2,3",8ddbf1da444305a57c12cf2b9c60b04f5ffbdd6b,1,605.5,130.0,270.0,0,0,,,640cb7b3450d4ffa1f74d9e5c8901966f766738b3abb9c71c2aa8a972c15a6d8,3.13.13
"2,2,2,2",28,4,730,40,1,6,400.0,4003,"0,1,2,3",8ddbf1da444305a57c12cf2b9c60b04f5ffbdd6b,1,416.0,140.0,260.0,0,0,,,640cb7b3450d4ffa1f74d9e5c8901966f766738b3abb9c71c2aa8a972c15a6d8,3.13.13
"2,2,2,2",28,4,730,40,1,6,400.0,4004,"0,1,2,3",8ddbf1da444305a57c12cf2b9c60b04f5ffbdd6b,1,1121.25,140.0,260.0,0,0,,,640cb7b3450d4ffa1f74d9e5c8901966f766738b3abb9c71c2aa8a972c15a6d8,3.13.13
"2,2,2,2",28,4,730,40,1,6,400.0,4005,"0,1,2,3",8ddbf1da444305a57c12cf2b9c60b04f5ffbdd6b,1,377.0,130.0,270.0,0,0,,,640cb7b3450d4ffa1f74d9e5c8901966f766738b3abb9c71c2aa8a972c15a6d8,3.13.13
"2,2,2,2",28,4,730,40,1,6,400.0,4006,"0,1,2,3",8ddbf1da444305a57c12cf2b9c60b04f5ffbdd6b,1,596.0,130.0,270.0,0,0,,,640cb7b3450d4ffa1f74d9e5c8901966f766738b3abb9c71c2aa8a972c15a6d8,3.13.13
"2,2,2,2",28,4,730,40,1,6,400.0,4007,"0,1,2,3",8ddbf1da444305a57c12cf2b9c60b04f5ffbdd6b,1,907.25,120.0,280.0,0,0,,,640cb7b3450d4ffa1f74d9e5c8901966f766738b3abb9c71c2aa8a972c15a6d8,3.13.13
"2,2,2,2",28,4,730,40,1,6,400.0,4008,"0,1,2,3",8ddbf1da444305a57c12cf2b9c60b04f5ffbdd6b,1,417.25,120.0,280.0,0,0,,,640cb7b3450d4ffa1f74d9e5c8901966f766738b3abb9c71c2aa8a972c15a6d8,3.13.13
"2,2,2,2",28,4,730,40,1,6,400.0,4009,"0,1,2,3",8ddbf1da444305a57c12cf2b9c60b04f5ffbdd6b,1,860.25,130.0,270.0,0,0,,,640cb7b3450d4ffa1f74d9e5c8901966f766738b3abb9c71c2aa8a972c15a6d8,3.13.13
"2,2,2,2",28,4,730,40,1,6,400.0,4010,"0,1,2,3",8ddbf1da444305a57c12cf2b9c60b04f5ffbdd6b,1,761.75,130.0,270.0,0,0,,,640cb7b3450d4ffa1f74d9e5c8901966f766738b3abb9c71c2aa8a972c15a6d8,3.13.13
"2,2,2,2",28,4,730,40,1,6,400.0,4011,"0,1,2,3",8ddbf1da444305a57c12cf2b9c60b04f5ffbdd6b,1,932.25,130.0,270.0,0,0,,,640cb7b3450d4ffa1f74d9e5c8901966f766738b3abb9c71c2aa8a972c15a6d8,3.13.13
"2,2,2,2",28,4,730,40,1,6,400.0,4012,"0,1,2,3",8ddbf1da444305a57c12cf2b9c60b04f5ffbdd6b,1,515.25,130.0,270.0,0,0,,,640cb7b3450d4ffa1f74d9e5c8901966f766738b3abb9c71c2aa8a972c15a6d8,3.13.13
"2,2,2,2",28,4,730,40,1,6,400.0,4013,"0,1,2,3",8ddbf1da444305a57c12cf2b9c60b04f5ffbdd6b,1,462.75,120.0,280.0,0,0,,,640cb7b3450d4ffa1f74d9e5c8901966f766738b3abb9c71c2aa8a972c15a6d8,3.13.13
"2,2,2,2",28,4,730,40,1,6,400.0,4014,"0,1,2,3",8ddbf1da444305a57c12cf2b9c60b04f5ffbdd6b,1,215.0,120.0,280.0,0,0,,,640cb7b3450d4ffa1f74d9e5c8901966f766738b3abb9c71c2aa8a972c15a6d8,3.13.13
"2,2,2,2",28,4,730,40,1,6,400.0,4015,"0,1,2,3",8ddbf1da444305a57c12cf2b9c60b04f5ffbdd6b,1,640.5,130.0,270.0,0,0,,,640cb7b3450d4ffa1f74d9e5c8901966f766738b3abb9c71c2aa8a972c15a6d8,3.13.13
"2,2,2,2",28,4,730,40,1,6,400.0,4016,"0,1,2,3",8ddbf1da444305a57c12cf2b9c60b04f5ffbdd6b,1,213.0,120.0,280.0,0,0,,,640cb7b3450d4ffa1f74d9e5c8901966f766738b3abb9c71c2aa8a972c15a6d8,3.13.13
"2,2,2,2",28,4,730,40,1,6,400.0,4017,"0,1,2,3",8ddbf1da444305a57c12cf2b9c60b04f5ffbdd6b,1,225.75,120.0,280.0,0,0,,,640cb7b3450d4ffa1f74d9e5c8901966f766738b3abb9c71c2aa8a972c15a6d8,3.13.13
"2,2,2,2",28,4,730,40,1,6,400.0,4018,"0,1,2,3",8ddbf1da444305a57c12cf2b9c60b04f5ffbdd6b,1,256.5,120.0,280.0,0,0,,,640cb7b3450d4ffa1f74d9e5c8901966f766738b3abb9c71c2aa8a972c15a6d8,3.13.13
"2,2,2,2",28,4,730,40,1,6,400.0,4019,"0,1,2,3",8ddbf1da444305a57c12cf2b9c60b04f5ffbdd6b,1,580.0,140.0,260.0,0,0,,,640cb7b3450d4ffa1f74d9e5c8901966f766738b3abb9c71c2aa8a972c15a6d8,3.13.13
"2,2,2,2",28,4,730,40,1,6,400.0,4020,"0,1,2,3",8ddbf1da444305a57c12cf2b9c60b04f5ffbdd6b,1,141.25,120.0,280.0,0,0,,,640cb7b3450d4ffa1f74d9e5c8901966f766738b3abb9c71c2aa8a972c15a6d8,3.13.13
"2,2,2,2",28,4,730,40,1,6,400.0,4021,"0,1,2,3",8ddbf1da444305a57c12cf2b9c60b04f5ffbdd6b,1,498.5,130.0,270.0,0,0,,,640cb7b3450d4ffa1f74d9e5c8901966f766738b3abb9c71c2aa8a972c15a6d8,3.13.13
"2,2,2,2",28,4,730,40,1,6,400.0,4022,"0,1,2,3",8ddbf1da444305a57c12cf2b9c60b04f5ffbdd6b,1,471.0,130.0,270.0,0,0,,,640cb7b3450d4ffa1f74d9e5c8901966f766738b3abb9c71c2aa8a972c15a6d8,3.13.13
"2,2,2,2",28,4,730,40,1,6,400.0,4023,"0,1,2,3",8ddbf1da444305a57c12cf2b9c60b04f5ffbdd6b,1,468.25,120.0,280.0,0,0,,,640cb7b3450d4ffa1f74d9e5c8901966f766738b3abb9c71c2aa8a972c15a6d8,3.13.13
"2,2,2,2",28,4,730,40,1,6,400.0,4024,"0,1,2,3",8ddbf1da444305a57c12cf2b9c60b04f5ffbdd6b,1,1178.0,140.0,260.0,0,0,,,640cb7b3450d4ffa1f74d9e5c8901966f766738b3abb9c71c2aa8a972c15a6d8,3.13.13
"2,2,2,2",28,4,730,40,1,6,400.0,4025,"0,1,2,3",8ddbf1da444305a57c12cf2b9c60b04f5ffbdd6b,1,186.5,130.0,270.0,0,0,,,640cb7b3450d4ffa1f74d9e5c8901966f766738b3abb9c71c2aa8a972c15a6d8,3.13.13
"2,2,2,2",28,4,730,40,1,6,400.0,4026,"0,1,2,3",8ddbf1da444305a57c12cf2b9c60b04f5ffbdd6b,1,187.25,120.0,280.0,0,0,,,640cb7b3450d4ffa1f74d9e5c8901966f766738b3abb9c71c2aa8a972c15a6d8,3.13.13
"2,2,2,2",28,4,730,40,1,6,400.0,4027,"0,1,2,3",8ddbf1da444305a57c12cf2b9c60b04f5ffbdd6b,1,1528.25,130.0,270.0,0,0,,,640cb7b3450d4ffa1f74d9e5c8901966f766738b3abb9c71c2aa8a972c15a6d8,3.13.13
"2,2,2,2",28,4,730,40,1,6,400.0,4028,"0,1,2,3",8ddbf1da444305a57c12cf2b9c60b04f5ffbdd6b,1,949.25,120.0,280.0,0,0,,,640cb7b3450d4ffa1f74d9e5c8901966f766738b3abb9c71c2aa8a972c15a6d8,3.13.13
"2,2,2,2",28,4,730,40,1,6,400.0,4029,"0,1,2,3",8ddbf1da444305a57c12cf2b9c60b04f5ffbdd6b,1,579.25,120.0,280.0,0,0,,,640cb7b3450d4ffa1f74d9e5c8901966f766738b3abb9c71c2aa8a972c15a6d8,3.13.13
"2,2,2,2",28,4,730,40,1,6,400.0,4030,"0,1,2,3",8ddbf1da444305a57c12cf2b9c60b04f5ffbdd6b,1,208.75,130.0,270.0,0,0,,,640cb7b3450d4ffa1f74d9e5c8901966f766738b3abb9c71c2aa8a972c15a6d8,3.13.13
"2,r,r,r",28,4,730,40,1,6,120.0,4001,0,8ddbf1da444305a57c12cf2b9c60b04f5ffbdd6b,1,1031.0,120.0,0.0,0,0,,,c6de34ddd996d8ac0f9a316066b74e0161563d2be3b3b45a6cb8a623a4a87552,3.13.13
"2,r,r,r",28,4,730,40,1,6,120.0,4002,0,8ddbf1da444305a57c12cf2b9c60b04f5ffbdd6b,1,1637.0,120.0,0.0,0,0,,,c6de34ddd996d8ac0f9a316066b74e0161563d2be3b3b45a6cb8a623a4a87552,3.13.13
"2,r,r,r",28,4,730,40,1,6,120.0,4003,0,8ddbf1da444305a57c12cf2b9c60b04f5ffbdd6b,1,2477.0,120.0,0.0,0,0,,,c6de34ddd996d8ac0f9a316066b74e0161563d2be3b3b45a6cb8a623a4a87552,3.13.13
"2,r,r,r",28,4,730,40,1,6,120.0,4004,0,8ddbf1da444305a57c12cf2b9c60b04f5ffbdd6b,1,1502.0,120.0,0.0,0,0,,,c6de34ddd996d8ac0f9a316066b74e0161563d2be3b3b45a6cb8a623a4a87552,3.13.13
"2,r,r,r",28,4,730,40,1,6,120.0,4005,0,8ddbf1da444305a57c12cf2b9c60b04f5ffbdd6b,1,1611.0,120.0,0.0,0,0,,,c6de34ddd996d8ac0f9a316066b74e0161563d2be3b3b45a6cb8a623a4a87552,3.13.13
"2,r,r,r",28,4,730,40,1,6,120.0,4006,0,8ddbf1da444305a57c12cf2b9c60b04f5ffbdd6b,1,1054.0,120.0,0.0,0,0,,,c6de34ddd996d8ac0f9a316066b74e0161563d2be3b3b45a6cb8a623a4a87552,3.13.13
"2,r,r,r",28,4,730,40,1,6,120.0,4007,0,8ddbf1da444305a57c12cf2b9c60b04f5ffbdd6b,1,2138.0,120.0,0.0,0,0,,,c6de34ddd996d8ac0f9a316066b74e0161563d2be3b3b45a6cb8a623a4a87552,3.13.13
"2,r,r,r",28,4,730,40,1,6,120.0,4008,0,8ddbf1da444305a57c12cf2b9c60b04f5ffbdd6b,1,2156.0,120.0,0.0,0,0,,,c6de34ddd996d8ac0f9a316066b74e0161563d2be3b3b45a6cb8a623a4a87552,3.13.13
"2,r,r,r",28,4,730,40,1,6,120.0,4009,0,8ddbf1da444305a57c12cf2b9c60b04f5ffbdd6b,1,1400.0,120.0,0.0,0,0,,,c6de34ddd996d8ac0f9a316066b74e0161563d2be3b3b45a6cb8a623a4a87552,3.13.13
"2,r,r,r",28,4,730,40,1,6,120.0,4010,0,8ddbf1da444305a57c12cf2b9c60b04f5ffbdd6b,1,1771.0,120.0,0.0,0,0,,,c6de34ddd996d8ac0f9a316066b74e0161563d2be3b3b45a6cb8a623a4a87552,3.13.13
"2,r,r,r",28,4,730,40,1,6,120.0,4011,0,8ddbf1da444305a57c12cf2b9c60b04f5ffbdd6b,1,1296.0,120.0,0.0,0,0,,,c6de34ddd996d8ac0f9a316066b74e0161563d2be3b3b45a6cb8a623a4a87552,3.13.13
"2,r,r,r",28,4,730,40,1,6,120.0,4012,0,8ddbf1da444305a57c12cf2b9c60b04f5ffbdd6b,1,2283.0,120.0,0.0,0,0,,,c6de34ddd996d8ac0f9a316066b74e0161563d2be3b3b45a6cb8a623a4a87552,3.13.13
"2,r,r,r",28,4,730,40,1,6,120.0,4013,0,8ddbf1da444305a57c12cf2b9c60b04f5ffbdd6b,1,1944.0,120.0,0.0,0,0,,,c6de34ddd996d8ac0f9a316066b74e0161563d2be3b3b45a6cb8a623a4a87552,3.13.13
"2,r,r,r",28,4,730,40,1,6,120.0,4014,0,8ddbf1da444305a57c12cf2b9c60b04f5ffbdd6b,1,2533.0,120.0,0.0,0,0,,,c6de34ddd996d8ac0f9a316066b74e0161563d2be3b3b45a6cb8a623a4a87552,3.13.13
"2,r,r,r",28,4,730,40,1,6,120.0,4015,0,8ddbf1da444305a57c12cf2b9c60b04f5ffbdd6b,1,1913.0,120.0,0.0,0,0,,,c6de34ddd996d8ac0f9a316066b74e0161563d2be3b3b45a6cb8a623a4a87552,3.13.13
"2,r,r,r",28,4,730,40,1,6,120.0,4016,0,8ddbf1da444305a57c12cf2b9c60b04f5ffbdd6b,1,1350.0,120.0,0.0,0,0,,,c6de34ddd996d8ac0f9a316066b74e0161563d2be3b3b45a6cb8a623a4a87552,3.13.13
"2,r,r,r",28,4,730,40,1,6,120.0,4017,0,8ddbf1da444305a57c12cf2b9c60b04f5ffbdd6b,1,1565.0,120.0,0.0,0,0,,,c6de34ddd996d8ac0f9a316066b74e0161563d2be3b3b45a6cb8a623a4a87552,3.13.13
"2,r,r,r",28,4,730,40,1,6,120.0,4018,0,8ddbf1da444305a57c12cf2b9c60b04f5ffbdd6b,1,1437.0,120.0,0.0,0,0,,,c6de34ddd996d8ac0f9a316066b74e0161563d2be3b3b45a6cb8a623a4a87552,3.13.13
"2,r,r,r",28,4,730,40,1,6,120.0,4019,0,8ddbf1da444305a57c12cf2b9c60b04f5ffbdd6b,1,1983.0,120.0,0.0,0,0,,,c6de34ddd996d8ac0f9a316066b74e0161563d2be3b3b45a6cb8a623a4a87552,3.13.13
"2,r,r,r",28,4,730,40,1,6,120.0,4020,0,8ddbf1da444305a57c12cf2b9c60b04f5ffbdd6b,1,2698.0,120.0,0.0,0,0,,,c6de34ddd996d8ac0f9a316066b74e0161563d2be3b3b45a6cb8a623a4a87552,3.13.13
"2,r,r,r",28,4,730,40,1,6,120.0,4021,0,8ddbf1da444305a57c12cf2b9c60b04f5ffbdd6b,1,1410.0,110.0,10.0,0,0,,,c6de34ddd996d8ac0f9a316066b74e0161563d2be3b3b45a6cb8a623a4a87552,3.13.13
"2,r,r,r",28,4,730,40,1,6,120.0,4022,0,8ddbf1da444305a57c12cf2b9c60b04f5ffbdd6b,1,2387.0,120.0,0.0,0,0,,,c6de34ddd996d8ac0f9a316066b74e0161563d2be3b3b45a6cb8a623a4a87552,3.13.13
"2,r,r,r",28,4,730,40,1,6,120.0,4023,0,8ddbf1da444305a57c12cf2b9c60b04f5ffbdd6b,1,1207.0,120.0,0.0,0,0,,,c6de34ddd996d8ac0f9a316066b74e0161563d2be3b3b45a6cb8a623a4a87552,3.13.13
"2,r,r,r",28,4,730,40,1,6,120.0,4024,0,8ddbf1da444305a57c12cf2b9c60b04f5ffbdd6b,1,1129.0,120.0,0.0,0,0,,,c6de34ddd996d8ac0f9a316066b74e0161563d2be3b3b45a6cb8a623a4a87552,3.13.13
"2,r,r,r",28,4,730,40,1,6,120.0,4025,0,8ddbf1da444305a57c12cf2b9c60b04f5ffbdd6b,1,1494.0,120.0,0.0,0,0,,,c6de34ddd996d8ac0f9a316066b74e0161563d2be3b3b45a6cb8a623a4a87552,3.13.13
"2,r,r,r",28,4,730,40,1,6,120.0,4026,0,8ddbf1da444305a57c12cf2b9c60b04f5ffbdd6b,1,1299.0,120.0,0.0,0,0,,,c6de34ddd996d8ac0f9a316066b74e0161563d2be3b3b45a6cb8a623a4a87552,3.13.13
"2,r,r,r",28,4,730,40,1,6,120.0,4027,0,8ddbf1da444305a57c12cf2b9c60b04f5ffbdd6b,1,2920.0,120.0,0.0,0,0,,,c6de34ddd996d8ac0f9a316066b74e0161563d2be3b3b45a6cb8a623a4a87552,3.13.13
"2,r,r,r",28,4,730,40,1,6,120.0,4028,0,8ddbf1da444305a57c12cf2b9c60b04f5ffbdd6b,1,1260.0,120.0,0.0,0,0,,,c6de34ddd996d8ac0f9a316066b74e0161563d2be3b3b45a6cb8a623a4a87552,3.13.13
"2,r,r,r",28,4,730,40,1,6,120.0,4029,0,8ddbf1da444305a57c12cf2b9c60b04f5ffbdd6b,1,2660.0,120.0,0.0,0,0,,,c6de34ddd996d8ac0f9a316066b74e0161563d2be3b3b45a6cb8a623a4a87552,3.13.13
"2,r,r,r",28,4,730,40,1,6,120.0,4030,0,8ddbf1da444305a57c12cf2b9c60b04f5ffbdd6b,1,1791.0,120.0,0.0,0,0,,,c6de34ddd996d8ac0f9a316066b74e0161563d2be3b3b45a6cb8a623a4a87552,3.13.13
"2,r,r,r",28,4,730,40,1,6,400.0,4001,0,8ddbf1da444305a57c12cf2b9c60b04f5ffbdd6b,1,1754.0,120.0,280.0,0,0,,,c6de34ddd996d8ac0f9a316066b74e0161563d2be3b3b45a6cb8a623a4a87552,3.13.13
"2,r,r,r",28,4,730,40,1,6,400.0,4002,0,8ddbf1da444305a57c12cf2b9c60b04f5ffbdd6b,1,1401.0,120.0,280.0,0,0,,,c6de34ddd996d8ac0f9a316066b74e0161563d2be3b3b45a6cb8a623a4a87552,3.13.13
"2,r,r,r",28,4,730,40,1,6,400.0,4003,0,8ddbf1da444305a57c12cf2b9c60b04f5ffbdd6b,1,1444.0,120.0,280.0,0,0,,,c6de34ddd996d8ac0f9a316066b74e0161563d2be3b3b45a6cb8a623a4a87552,3.13.13
"2,r,r,r",28,4,730,40,1,6,400.0,4004,0,8ddbf1da444305a57c12cf2b9c60b04f5ffbdd6b,1,1054.0,120.0,280.0,0,0,,,c6de34ddd996d8ac0f9a316066b74e0161563d2be3b3b45a6cb8a623a4a87552,3.13.13
"2,r,r,r",28,4,730,40,1,6,400.0,4005,0,8ddbf1da444305a57c12cf2b9c60b04f5ffbdd6b,1,1176.0,120.0,280.0,0,0,,,c6de34ddd996d8ac0f9a316066b74e0161563d2be3b3b45a6cb8a623a4a87552,3.13.13
"2,r,r,r",28,4,730,40,1,6,400.0,4006,0,8ddbf1da444305a57c12cf2b9c60b04f5ffbdd6b,1,1108.0,120.0,280.0,0,0,,,c6de34ddd996d8ac0f9a316066b74e0161563d2be3b3b45a6cb8a623a4a87552,3.13.13
"2,r,r,r",28,4,730,40,1,6,400.0,4007,0,8ddbf1da444305a57c12cf2b9c60b04f5ffbdd6b,1,1649.0,120.0,280.0,0,0,,,c6de34ddd996d8ac0f9a316066b74e0161563d2be3b3b45a6cb8a623a4a87552,3.13.13
"2,r,r,r",28,4,730,40,1,6,400.0,4008,0,8ddbf1da444305a57c12cf2b9c60b04f5ffbdd6b,1,1671.0,130.0,270.0,0,0,,,c6de34ddd996d8ac0f9a316066b74e0161563d2be3b3b45a6cb8a623a4a87552,3.13.13
"2,r,r,r",28,4,730,40,1,6,400.0,4009,0,8ddbf1da444305a57c12cf2b9c60b04f5ffbdd6b,1,1601.0,120.0,280.0,0,0,,,c6de34ddd996d8ac0f9a316066b74e0161563d2be3b3b45a6cb8a623a4a87552,3.13.13
"2,r,r,r",28,4,730,40,1,6,400.0,4010,0,8ddbf1da444305a57c12cf2b9c60b04f5ffbdd6b,1,1506.0,120.0,280.0,0,0,,,c6de34ddd996d8ac0f9a316066b74e0161563d2be3b3b45a6cb8a623a4a87552,3.13.13
"2,r,r,r",28,4,730,40,1,6,400.0,4011,0,8ddbf1da444305a57c12cf2b9c60b04f5ffbdd6b,1,1452.0,120.0,280.0,0,0,,,c6de34ddd996d8ac0f9a316066b74e0161563d2be3b3b45a6cb8a623a4a87552,3.13.13
"2,r,r,r",28,4,730,40,1,6,400.0,4012,0,8ddbf1da444305a57c12cf2b9c60b04f5ffbdd6b,1,2131.0,120.0,280.0,0,0,,,c6de34ddd996d8ac0f9a316066b74e0161563d2be3b3b45a6cb8a623a4a87552,3.13.13
"2,r,r,r",28,4,730,40,1,6,400.0,4013,0,8ddbf1da444305a57c12cf2b9c60b04f5ffbdd6b,1,1049.0,120.0,280.0,0,0,,,c6de34ddd996d8ac0f9a316066b74e0161563d2be3b3b45a6cb8a623a4a87552,3.13.13
"2,r,r,r",28,4,730,40,1,6,400.0,4014,0,8ddbf1da444305a57c12cf2b9c60b04f5ffbdd6b,1,831.0,120.0,280.0,0,0,,,c6de34ddd996d8ac0f9a316066b74e0161563d2be3b3b45a6cb8a623a4a87552,3.13.13
"2,r,r,r",28,4,730,40,1,6,400.0,4015,0,8ddbf1da444305a57c12cf2b9c60b04f5ffbdd6b,1,1258.0,120.0,280.0,0,0,,,c6de34ddd996d8ac0f9a316066b74e0161563d2be3b3b45a6cb8a623a4a87552,3.13.13
"2,r,r,r",28,4,730,40,1,6,400.0,4016,0,8ddbf1da444305a57c12cf2b9c60b04f5ffbdd6b,1,1252.0,120.0,280.0,0,0,,,c6de34ddd996d8ac0f9a316066b74e0161563d2be3b3b45a6cb8a623a4a87552,3.13.13
"2,r,r,r",28,4,730,40,1,6,400.0,4017,0,8ddbf1da444305a57c12cf2b9c60b04f5ffbdd6b,1,1976.0,120.0,280.0,0,0,,,c6de34ddd996d8ac0f9a316066b74e0161563d2be3b3b45a6cb8a623a4a87552,3.13.13
"2,r,r,r",28,4,730,40,1,6,400.0,4018,0,8ddbf1da444305a57c12cf2b9c60b04f5ffbdd6b,1,1502.0,120.0,280.0,0,0,,,c6de34ddd996d8ac0f9a316066b74e0161563d2be3b3b45a6cb8a623a4a87552,3.13.13
"2,r,r,r",28,4,730,40,1,6,400.0,4019,0,8ddbf1da444305a57c12cf2b9c60b04f5ffbdd6b,1,1990.0,120.0,280.0,0,0,,,c6de34ddd996d8ac0f9a316066b74e0161563d2be3b3b45a6cb8a623a4a87552,3.13.13
"2,r,r,r",28,4,730,40,1,6,400.0,4020,0,8ddbf1da444305a57c12cf2b9c60b04f5ffbdd6b,1,1764.0,120.0,280.0,0,0,,,c6de34ddd996d8ac0f9a316066b74e0161563d2be3b3b45a6cb8a623a4a87552,3.13.13
"2,r,r,r",28,4,730,40,1,6,400.0,4021,0,8ddbf1da444305a57c12cf2b9c60b04f5ffbdd6b,1,1384.0,120.0,280.0,0,0,,,c6de34ddd996d8ac0f9a316066b74e0161563d2be3b3b45a6cb8a623a4a87552,3.13.13
"2,r,r,r",28,4,730,40,1,6,400.0,4022,0,8ddbf1da444305a57c12cf2b9c60b04f5ffbdd6b,1,1376.0,120.0,280.0,0,0,,,c6de34ddd996d8ac0f9a316066b74e0161563d2be3b3b45a6cb8a623a4a87552,3.13.13
"2,r,r,r",28,4,730,40,1,6,400.0,4023,0,8ddbf1da444305a57c12cf2b9c60b04f5ffbdd6b,1,979.0,120.0,280.0,0,0,,,c6de34ddd996d8ac0f9a316066b74e0161563d2be3b3b45a6cb8a623a4a87552,3.13.13
"2,r,r,r",28,4,730,40,1,6,400.0,4024,0,8ddbf1da444305a57c12cf2b9c60b04f5ffbdd6b,1,893.0,120.0,280.0,0,0,,,c6de34ddd996d8ac0f9a316066b74e0161563d2be3b3b45a6cb8a623a4a87552,3.13.13
"2,r,r,r",28,4,730,40,1,6,400.0,4025,0,8ddbf1da444305a57c12cf2b9c60b04f5ffbdd6b,1,1433.0,120.0,280.0,0,0,,,c6de34ddd996d8ac0f9a316066b74e0161563d2be3b3b45a6cb8a623a4a87552,3.13.13
"2,r,r,r",28,4,730,40,1,6,400.0,4026,0,8ddbf1da444305a57c12cf2b9c60b04f5ffbdd6b,1,1429.0,120.0,280.0,0,0,,,c6de34ddd996d8ac0f9a316066b74e0161563d2be3b3b45a6cb8a623a4a87552,3.13.13
"2,r,r,r",28,4,730,40,1,6,400.0,4027,0,8ddbf1da444305a57c12cf2b9c60b04f5ffbdd6b,1,1874.0,120.0,280.0,0,0,,,c6de34ddd996d8ac0f9a316066b74e0161563d2be3b3b45a6cb8a623a4a87552,3.13.13
"2,r,r,r",28,4,730,40,1,6,400.0,4028,0,8ddbf1da444305a57c12cf2b9c60b04f5ffbdd6b,1,2363.0,120.0,280.0,0,0,,,c6de34ddd996d8ac0f9a316066b74e0161563d2be3b3b45a6cb8a623a4a87552,3.13.13
"2,r,r,r",28,4,730,40,1,6,400.0,4029,0,8ddbf1da444305a57c12cf2b9c60b04f5ffbdd6b,1,1916.0,120.0,280.0,0,0,,,c6de34ddd996d8ac0f9a316066b74e0161563d2be3b3b45a6cb8a623a4a87552,3.13.13
"2,r,r,r",28,4,730,40,1,6,400.0,4030,0,8ddbf1da444305a57c12cf2b9c60b04f5ffbdd6b,1,877.0,120.0,280.0,0,0,,,c6de34ddd996d8ac0f9a316066b74e0161563d2be3b3b45a6cb8a623a4a87552,3.13.13
"2,7,7,7",28,4,730,40,1,6,120.0,4001,0,8ddbf1da444305a57c12cf2b9c60b04f5ffbdd6b,1,983.0,120.0,0.0,0,0,,708,19a67997a6fcb4bcf5edd2e291dc69630b23de180eaedc0691bc9e21dd1f8983,3.13.13
"2,7,7,7",28,4,730,40,1,6,120.0,4002,0,8ddbf1da444305a57c12cf2b9c60b04f5ffbdd6b,1,1054.0,120.0,0.0,0,0,,,19a67997a6fcb4bcf5edd2e291dc69630b23de180eaedc0691bc9e21dd1f8983,3.13.13
"2,7,7,7",28,4,730,40,1,6,120.0,4003,0,8ddbf1da444305a57c12cf2b9c60b04f5ffbdd6b,1,267.0,120.0,0.0,0,0,,,19a67997a6fcb4bcf5edd2e291dc69630b23de180eaedc0691bc9e21dd1f8983,3.13.13
"2,7,7,7",28,4,730,40,1,6,120.0,4004,0,8ddbf1da444305a57c12cf2b9c60b04f5ffbdd6b,1,719.0,120.0,0.0,0,0,,,19a67997a6fcb4bcf5edd2e291dc69630b23de180eaedc0691bc9e21dd1f8983,3.13.13
"2,7,7,7",28,4,730,40,1,6,120.0,4005,0,8ddbf1da444305a57c12cf2b9c60b04f5ffbdd6b,1,350.0,120.0,0.0,0,0,,,19a67997a6fcb4bcf5edd2e291dc69630b23de180eaedc0691bc9e21dd1f8983,3.13.13
"2,7,7,7",28,4,730,40,1,6,120.0,4006,0,8ddbf1da444305a57c12cf2b9c60b04f5ffbdd6b,1,1078.0,120.0,0.0,0,0,,,19a67997a6fcb4bcf5edd2e291dc69630b23de180eaedc0691bc9e21dd1f8983,3.13.13
"2,7,7,7",28,4,730,40,1,6,120.0,4007,0,8ddbf1da444305a57c12cf2b9c60b04f5ffbdd6b,1,1173.0,120.0,0.0,0,0,,716,19a67997a6fcb4bcf5edd2e291dc69630b23de180eaedc0691bc9e21dd1f8983,3.13.13
"2,7,7,7",28,4,730,40,1,6,120.0,4008,0,8ddbf1da444305a57c12cf2b9c60b04f5ffbdd6b,1,800.0,120.0,0.0,0,0,,,19a67997a6fcb4bcf5edd2e291dc69630b23de180eaedc0691bc9e21dd1f8983,3.13.13
"2,7,7,7",28,4,730,40,1,6,120.0,4009,0,8ddbf1da444305a57c12cf2b9c60b04f5ffbdd6b,1,1049.0,120.0,0.0,0,0,,,19a67997a6fcb4bcf5edd2e291dc69630b23de180eaedc0691bc9e21dd1f8983,3.13.13
"2,7,7,7",28,4,730,40,1,6,120.0,4010,0,8ddbf1da444305a57c12cf2b9c60b04f5ffbdd6b,1,1518.0,120.0,0.0,0,0,,,19a67997a6fcb4bcf5edd2e291dc69630b23de180eaedc0691bc9e21dd1f8983,3.13.13
"2,7,7,7",28,4,730,40,1,6,120.0,4011,0,8ddbf1da444305a57c12cf2b9c60b04f5ffbdd6b,1,732.0,120.0,0.0,0,0,,,19a67997a6fcb4bcf5edd2e291dc69630b23de180eaedc0691bc9e21dd1f8983,3.13.13
"2,7,7,7",28,4,730,40,1,6,120.0,4012,0,8ddbf1da444305a57c12cf2b9c60b04f5ffbdd6b,1,148.0,120.0,0.0,0,0,,,19a67997a6fcb4bcf5edd2e291dc69630b23de180eaedc0691bc9e21dd1f8983,3.13.13
"2,7,7,7",28,4,730,40,1,6,120.0,4013,0,8ddbf1da444305a57c12cf2b9c60b04f5ffbdd6b,1,1612.0,120.0,0.0,0,0,,693,19a67997a6fcb4bcf5edd2e291dc69630b23de180eaedc0691bc9e21dd1f8983,3.13.13
"2,7,7,7",28,4,730,40,1,6,120.0,4014,0,8ddbf1da444305a57c12cf2b9c60b04f5ffbdd6b,1,983.0,120.0,0.0,0,0,,713,19a67997a6fcb4bcf5edd2e291dc69630b23de180eaedc0691bc9e21dd1f8983,3.13.13
"2,7,7,7",28,4,730,40,1,6,120.0,4015,0,8ddbf1da444305a57c12cf2b9c60b04f5ffbdd6b,1,1342.0,120.0,0.0,0,0,,,19a67997a6fcb4bcf5edd2e291dc69630b23de180eaedc0691bc9e21dd1f8983,3.13.13
"2,7,7,7",28,4,730,40,1,6,120.0,4016,0,8ddbf1da444305a57c12cf2b9c60b04f5ffbdd6b,1,2132.0,120.0,0.0,0,0,,726,19a67997a6fcb4bcf5edd2e291dc69630b23de180eaedc0691bc9e21dd1f8983,3.13.13
"2,7,7,7",28,4,730,40,1,6,120.0,4017,0,8ddbf1da444305a57c12cf2b9c60b04f5ffbdd6b,1,1575.0,120.0,0.0,0,0,,690,19a67997a6fcb4bcf5edd2e291dc69630b23de180eaedc0691bc9e21dd1f8983,3.13.13
"2,7,7,7",28,4,730,40,1,6,120.0,4018,0,8ddbf1da444305a57c12cf2b9c60b04f5ffbdd6b,1,463.0,120.0,0.0,0,0,,,19a67997a6fcb4bcf5edd2e291dc69630b23de180eaedc0691bc9e21dd1f8983,3.13.13
"2,7,7,7",28,4,730,40,1,6,120.0,4019,0,8ddbf1da444305a57c12cf2b9c60b04f5ffbdd6b,1,834.0,120.0,0.0,0,0,,,19a67997a6fcb4bcf5edd2e291dc69630b23de180eaedc0691bc9e21dd1f8983,3.13.13
"2,7,7,7",28,4,730,40,1,6,120.0,4020,0,8ddbf1da444305a57c12cf2b9c60b04f5ffbdd6b,1,1038.0,120.0,0.0,0,0,,690,19a67997a6fcb4bcf5edd2e291dc69630b23de180eaedc0691bc9e21dd1f8983,3.13.13
"2,7,7,7",28,4,730,40,1,6,120.0,4021,0,8ddbf1da444305a57c12cf2b9c60b04f5ffbdd6b,1,1594.0,120.0,0.0,0,0,,711,19a67997a6fcb4bcf5edd2e291dc69630b23de180eaedc0691bc9e21dd1f8983,3.13.13
"2,7,7,7",28,4,730,40,1,6,120.0,4022,0,8ddbf1da444305a57c12cf2b9c60b04f5ffbdd6b,1,1416.0,120.0,0.0,0,0,,725,19a67997a6fcb4bcf5edd2e291dc69630b23de180eaedc0691bc9e21dd1f8983,3.13.13
"2,7,7,7",28,4,730,40,1,6,120.0,4023,0,8ddbf1da444305a57c12cf2b9c60b04f5ffbdd6b,1,814.0,120.0,0.0,0,0,,,19a67997a6fcb4bcf5edd2e291dc69630b23de180eaedc0691bc9e21dd1f8983,3.13.13
"2,7,7,7",28,4,730,40,1,6,120.0,4024,0,8ddbf1da444305a57c12cf2b9c60b04f5ffbdd6b,1,1129.0,120.0,0.0,0,0,,729,19a67997a6fcb4bcf5edd2e291dc69630b23de180eaedc0691bc9e21dd1f8983,3.13.13
"2,7,7,7",28,4,730,40,1,6,120.0,4025,0,8ddbf1da444305a57c12cf2b9c60b04f5ffbdd6b,1,655.0,120.0,0.0,0,0,,,19a67997a6fcb4bcf5edd2e291dc69630b23de180eaedc0691bc9e21dd1f8983,3.13.13
"2,7,7,7",28,4,730,40,1,6,120.0,4026,0,8ddbf1da444305a57c12cf2b9c60b04f5ffbdd6b,1,987.0,120.0,0.0,0,0,,,19a67997a6fcb4bcf5edd2e291dc69630b23de180eaedc0691bc9e21dd1f8983,3.13.13
"2,7,7,7",28,4,730,40,1,6,120.0,4027,0,8ddbf1da444305a57c12cf2b9c60b04f5ffbdd6b,1,1114.0,120.0,0.0,0,0,,691,19a67997a6fcb4bcf5edd2e291dc69630b23de180eaedc0691bc9e21dd1f8983,3.13.13
"2,7,7,7",28,4,730,40,1,6,120.0,4028,0,8ddbf1da444305a57c12cf2b9c60b04f5ffbdd6b,1,962.0,120.0,0.0,0,0,,698,19a67997a6fcb4bcf5edd2e291dc69630b23de180eaedc0691bc9e21dd1f8983,3.13.13
"2,7,7,7",28,4,730,40,1,6,120.0,4029,0,8ddbf1da444305a57c12cf2b9c60b04f5ffbdd6b,1,880.0,120.0,0.0,0,0,,,19a67997a6fcb4bcf5edd2e291dc69630b23de180eaedc0691bc9e21dd1f8983,3.13.13
"2,7,7,7",28,4,730,40,1,6,120.0,4030,0,8ddbf1da444305a57c12cf2b9c60b04f5ffbdd6b,1,1138.0,120.0,0.0,0,0,,725,19a67997a6fcb4bcf5edd2e291dc69630b23de180eaedc0691bc9e21dd1f8983,3.13.13
"2,7,7,7",28,4,730,40,1,6,400.0,4001,0,8ddbf1da444305a57c12cf2b9c60b04f5ffbdd6b,1,489.0,400.0,0.0,0,0,,,19a67997a6fcb4bcf5edd2e291dc69630b23de180eaedc0691bc9e21dd1f8983,3.13.13
"2,7,7,7",28,4,730,40,1,6,400.0,4002,0,8ddbf1da444305a57c12cf2b9c60b04f5ffbdd6b,1,174.0,400.0,0.0,0,0,,,19a67997a6fcb4bcf5edd2e291dc69630b23de180eaedc0691bc9e21dd1f8983,3.13.13
"2,7,7,7",28,4,730,40,1,6,400.0,4003,0,8ddbf1da444305a57c12cf2b9c60b04f5ffbdd6b,1,361.0,400.0,0.0,0,0,,,19a67997a6fcb4bcf5edd2e291dc69630b23de180eaedc0691bc9e21dd1f8983,3.13.13
"2,7,7,7",28,4,730,40,1,6,400.0,4004,0,8ddbf1da444305a57c12cf2b9c60b04f5ffbdd6b,1,468.0,400.0,0.0,0,0,,,19a67997a6fcb4bcf5edd2e291dc69630b23de180eaedc0691bc9e21dd1f8983,3.13.13
"2,7,7,7",28,4,730,40,1,6,400.0,4005,0,8ddbf1da444305a57c12cf2b9c60b04f5ffbdd6b,1,244.0,400.0,0.0,0,0,,,19a67997a6fcb4bcf5edd2e291dc69630b23de180eaedc0691bc9e21dd1f8983,3.13.13
"2,7,7,7",28,4,730,40,1,6,400.0,4006,0,8ddbf1da444305a57c12cf2b9c60b04f5ffbdd6b,1,179.0,400.0,0.0,0,0,,725,19a67997a6fcb4bcf5edd2e291dc69630b23de180eaedc0691bc9e21dd1f8983,3.13.13
"2,7,7,7",28,4,730,40,1,6,400.0,4007,0,8ddbf1da444305a57c12cf2b9c60b04f5ffbdd6b,1,301.0,400.0,0.0,0,0,,,19a67997a6fcb4bcf5edd2e291dc69630b23de180eaedc0691bc9e21dd1f8983,3.13.13
"2,7,7,7",28,4,730,40,1,6,400.0,4008,0,8ddbf1da444305a57c12cf2b9c60b04f5ffbdd6b,1,306.0,400.0,0.0,0,0,,,19a67997a6fcb4bcf5edd2e291dc69630b23de180eaedc0691bc9e21dd1f8983,3.13.13
"2,7,7,7",28,4,730,40,1,6,400.0,4009,0,8ddbf1da444305a57c12cf2b9c60b04f5ffbdd6b,1,286.0,400.0,0.0,0,0,,726,19a67997a6fcb4bcf5edd2e291dc69630b23de180eaedc0691bc9e21dd1f8983,3.13.13
"2,7,7,7",28,4,730,40,1,6,400.0,4010,0,8ddbf1da444305a57c12cf2b9c60b04f5ffbdd6b,1,1039.0,400.0,0.0,0,0,,,19a67997a6fcb4bcf5edd2e291dc69630b23de180eaedc0691bc9e21dd1f8983,3.13.13
"2,7,7,7",28,4,730,40,1,6,400.0,4011,0,8ddbf1da444305a57c12cf2b9c60b04f5ffbdd6b,1,577.0,400.0,0.0,0,0,,,19a67997a6fcb4bcf5edd2e291dc69630b23de180eaedc0691bc9e21dd1f8983,3.13.13
"2,7,7,7",28,4,730,40,1,6,400.0,4012,0,8ddbf1da444305a57c12cf2b9c60b04f5ffbdd6b,1,195.0,400.0,0.0,0,0,,,19a67997a6fcb4bcf5edd2e291dc69630b23de180eaedc0691bc9e21dd1f8983,3.13.13
"2,7,7,7",28,4,730,40,1,6,400.0,4013,0,8ddbf1da444305a57c12cf2b9c60b04f5ffbdd6b,1,840.0,400.0,0.0,0,0,,,19a67997a6fcb4bcf5edd2e291dc69630b23de180eaedc0691bc9e21dd1f8983,3.13.13
"2,7,7,7",28,4,730,40,1,6,400.0,4014,0,8ddbf1da444305a57c12cf2b9c60b04f5ffbdd6b,1,489.0,400.0,0.0,0,0,,726,19a67997a6fcb4bcf5edd2e291dc69630b23de180eaedc0691bc9e21dd1f8983,3.13.13
"2,7,7,7",28,4,730,40,1,6,400.0,4015,0,8ddbf1da444305a57c12cf2b9c60b04f5ffbdd6b,1,728.0,400.0,0.0,0,0,,,19a67997a6fcb4bcf5edd2e291dc69630b23de180eaedc0691bc9e21dd1f8983,3.13.13
"2,7,7,7",28,4,730,40,1,6,400.0,4016,0,8ddbf1da444305a57c12cf2b9c60b04f5ffbdd6b,1,367.0,400.0,0.0,0,0,,,19a67997a6fcb4bcf5edd2e291dc69630b23de180eaedc0691bc9e21dd1f8983,3.13.13
"2,7,7,7",28,4,730,40,1,6,400.0,4017,0,8ddbf1da444305a57c12cf2b9c60b04f5ffbdd6b,1,917.0,400.0,0.0,0,0,,,19a67997a6fcb4bcf5edd2e291dc69630b23de180eaedc0691bc9e21dd1f8983,3.13.13
"2,7,7,7",28,4,730,40,1,6,400.0,4018,0,8ddbf1da444305a57c12cf2b9c60b04f5ffbdd6b,1,381.0,400.0,0.0,0,0,,,19a67997a6fcb4bcf5edd2e291dc69630b23de180eaedc0691bc9e21dd1f8983,3.13.13
"2,7,7,7",28,4,730,40,1,6,400.0,4019,0,8ddbf1da444305a57c12cf2b9c60b04f5ffbdd6b,1,434.0,400.0,0.0,0,0,,,19a67997a6fcb4bcf5edd2e291dc69630b23de180eaedc0691bc9e21dd1f8983,3.13.13
"2,7,7,7",28,4,730,40,1,6,400.0,4020,0,8ddbf1da444305a57c12cf2b9c60b04f5ffbdd6b,1,891.0,400.0,0.0,0,0,,726,19a67997a6fcb4bcf5edd2e291dc69630b23de180eaedc0691bc9e21dd1f8983,3.13.13
"2,7,7,7",28,4,730,40,1,6,400.0,4021,0,8ddbf1da444305a57c12cf2b9c60b04f5ffbdd6b,1,607.0,400.0,0.0,0,0,,726,19a67997a6fcb4bcf5edd2e291dc69630b23de180eaedc0691bc9e21dd1f8983,3.13.13
"2,7,7,7",28,4,730,40,1,6,400.0,4022,0,8ddbf1da444305a57c12cf2b9c60b04f5ffbdd6b,1,532.0,400.0,0.0,0,0,,,19a67997a6fcb4bcf5edd2e291dc69630b23de180eaedc0691bc9e21dd1f8983,3.13.13
"2,7,7,7",28,4,730,40,1,6,400.0,4023,0,8ddbf1da444305a57c12cf2b9c60b04f5ffbdd6b,1,278.0,400.0,0.0,0,0,,725,19a67997a6fcb4bcf5edd2e291dc69630b23de180eaedc0691bc9e21dd1f8983,3.13.13
"2,7,7,7",28,4,730,40,1,6,400.0,4024,0,8ddbf1da444305a57c12cf2b9c60b04f5ffbdd6b,1,465.0,400.0,0.0,0,0,,,19a67997a6fcb4bcf5edd2e291dc69630b23de180eaedc0691bc9e21dd1f8983,3.13.13
"2,7,7,7",28,4,730,40,1,6,400.0,4025,0,8ddbf1da444305a57c12cf2b9c60b04f5ffbdd6b,1,327.0,400.0,0.0,0,0,,,19a67997a6fcb4bcf5edd2e291dc69630b23de180eaedc0691bc9e21dd1f8983,3.13.13
"2,7,7,7",28,4,730,40,1,6,400.0,4026,0,8ddbf1da444305a57c12cf2b9c60b04f5ffbdd6b,1,954.0,400.0,0.0,0,0,,,19a67997a6fcb4bcf5edd2e291dc69630b23de180eaedc0691bc9e21dd1f8983,3.13.13
"2,7,7,7",28,4,730,40,1,6,400.0,4027,0,8ddbf1da444305a57c12cf2b9c60b04f5ffbdd6b,1,1145.0,400.0,0.0,0,0,,,19a67997a6fcb4bcf5edd2e291dc69630b23de180eaedc0691bc9e21dd1f8983,3.13.13
"2,7,7,7",28,4,730,40,1,6,400.0,4028,0,8ddbf1da444305a57c12cf2b9c60b04f5ffbdd6b,1,261.0,400.0,0.0,0,0,,,19a67997a6fcb4bcf5edd2e291dc69630b23de180eaedc0691bc9e21dd1f8983,3.13.13
"2,7,7,7",28,4,730,40,1,6,400.0,4029,0,8ddbf1da444305a57c12cf2b9c60b04f5ffbdd6b,1,226.0,400.0,0.0,0,0,,727,19a67997a6fcb4bcf5edd2e291dc69630b23de180eaedc0691bc9e21dd1f8983,3.13.13
"2,7,7,7",28,4,730,40,1,6,400.0,4030,0,8ddbf1da444305a57c12cf2b9c60b04f5ffbdd6b,1,608.0,400.0,0.0,0,0,,726,19a67997a6fcb4bcf5edd2e291dc69630b23de180eaedc0691bc9e21dd1f8983,3.13.13
"2,10,10,10",28,4,730,40,1,6,120.0,4001,0,8ddbf1da444305a57c12cf2b9c60b04f5ffbdd6b,1,2052.0,120.0,0.0,0,0,,,815d7d06649785a3c5e964208c85474ed708385699f8ec6aa6ee17f0d66d5b9e,3.13.13
"2,10,10,10",28,4,730,40,1,6,120.0,4002,0,8ddbf1da444305a57c12cf2b9c60b04f5ffbdd6b,1,1777.0,120.0,0.0,0,0,,723,815d7d06649785a3c5e964208c85474ed708385699f8ec6aa6ee17f0d66d5b9e,3.13.13
"2,10,10,10",28,4,730,40,1,6,120.0,4003,0,8ddbf1da444305a57c12cf2b9c60b04f5ffbdd6b,1,1147.0,120.0,0.0,0,0,,,815d7d06649785a3c5e964208c85474ed708385699f8ec6aa6ee17f0d66d5b9e,3.13.13
"2,10,10,10",28,4,730,40,1,6,120.0,4004,0,8ddbf1da444305a57c12cf2b9c60b04f5ffbdd6b,1,1493.0,120.0,0.0,0,0,,,815d7d06649785a3c5e964208c85474ed708385699f8ec6aa6ee17f0d66d5b9e,3.13.13
"2,10,10,10",28,4,730,40,1,6,120.0,4005,0,8ddbf1da444305a57c12cf2b9c60b04f5ffbdd6b,1,1634.0,120.0,0.0,0,0,,,815d7d06649785a3c5e964208c85474ed708385699f8ec6aa6ee17f0d66d5b9e,3.13.13
"2,10,10,10",28,4,730,40,1,6,120.0,4006,0,8ddbf1da444305a57c12cf2b9c60b04f5ffbdd6b,1,1551.0,120.0,0.0,0,0,,,815d7d06649785a3c5e964208c85474ed708385699f8ec6aa6ee17f0d66d5b9e,3.13.13
"2,10,10,10",28,4,730,40,1,6,120.0,4007,0,8ddbf1da444305a57c12cf2b9c60b04f5ffbdd6b,1,877.0,120.0,0.0,0,0,,729,815d7d06649785a3c5e964208c85474ed708385699f8ec6aa6ee17f0d66d5b9e,3.13.13
"2,10,10,10",28,4,730,40,1,6,120.0,4008,0,8ddbf1da444305a57c12cf2b9c60b04f5ffbdd6b,1,2336.0,120.0,0.0,0,0,,730,815d7d06649785a3c5e964208c85474ed708385699f8ec6aa6ee17f0d66d5b9e,3.13.13
"2,10,10,10",28,4,730,40,1,6,120.0,4009,0,8ddbf1da444305a57c12cf2b9c60b04f5ffbdd6b,1,1858.0,120.0,0.0,0,0,,,815d7d06649785a3c5e964208c85474ed708385699f8ec6aa6ee17f0d66d5b9e,3.13.13
"2,10,10,10",28,4,730,40,1,6,120.0,4010,0,8ddbf1da444305a57c12cf2b9c60b04f5ffbdd6b,1,1806.0,120.0,0.0,0,0,,717,815d7d06649785a3c5e964208c85474ed708385699f8ec6aa6ee17f0d66d5b9e,3.13.13
"2,10,10,10",28,4,730,40,1,6,120.0,4011,0,8ddbf1da444305a57c12cf2b9c60b04f5ffbdd6b,1,1994.0,120.0,0.0,0,0,,,815d7d06649785a3c5e964208c85474ed708385699f8ec6aa6ee17f0d66d5b9e,3.13.13
"2,10,10,10",28,4,730,40,1,6,120.0,4012,0,8ddbf1da444305a57c12cf2b9c60b04f5ffbdd6b,1,1702.0,120.0,0.0,0,0,,,815d7d06649785a3c5e964208c85474ed708385699f8ec6aa6ee17f0d66d5b9e,3.13.13
"2,10,10,10",28,4,730,40,1,6,120.0,4013,0,8ddbf1da444305a57c12cf2b9c60b04f5ffbdd6b,1,2041.0,120.0,0.0,0,0,,,815d7d06649785a3c5e964208c85474ed708385699f8ec6aa6ee17f0d66d5b9e,3.13.13
"2,10,10,10",28,4,730,40,1,6,120.0,4014,0,8ddbf1da444305a57c12cf2b9c60b04f5ffbdd6b,1,1758.0,120.0,0.0,0,0,,,815d7d06649785a3c5e964208c85474ed708385699f8ec6aa6ee17f0d66d5b9e,3.13.13
"2,10,10,10",28,4,730,40,1,6,120.0,4015,0,8ddbf1da444305a57c12cf2b9c60b04f5ffbdd6b,1,2644.0,120.0,0.0,0,0,,724,815d7d06649785a3c5e964208c85474ed708385699f8ec6aa6ee17f0d66d5b9e,3.13.13
"2,10,10,10",28,4,730,40,1,6,120.0,4016,0,8ddbf1da444305a57c12cf2b9c60b04f5ffbdd6b,1,2456.0,120.0,0.0,0,0,,728,815d7d06649785a3c5e964208c85474ed708385699f8ec6aa6ee17f0d66d5b9e,3.13.13
"2,10,10,10",28,4,730,40,1,6,120.0,4017,0,8ddbf1da444305a57c12cf2b9c60b04f5ffbdd6b,1,2544.0,120.0,0.0,0,0,,,815d7d06649785a3c5e964208c85474ed708385699f8ec6aa6ee17f0d66d5b9e,3.13.13
"2,10,10,10",28,4,730,40,1,6,120.0,4018,0,8ddbf1da444305a57c12cf2b9c60b04f5ffbdd6b,1,1291.0,120.0,0.0,0,0,,,815d7d06649785a3c5e964208c85474ed708385699f8ec6aa6ee17f0d66d5b9e,3.13.13
"2,10,10,10",28,4,730,40,1,6,120.0,4019,0,8ddbf1da444305a57c12cf2b9c60b04f5ffbdd6b,1,1642.0,120.0,0.0,0,0,,,815d7d06649785a3c5e964208c85474ed708385699f8ec6aa6ee17f0d66d5b9e,3.13.13
"2,10,10,10",28,4,730,40,1,6,120.0,4020,0,8ddbf1da444305a57c12cf2b9c60b04f5ffbdd6b,1,1630.0,120.0,0.0,0,0,,721,815d7d06649785a3c5e964208c85474ed708385699f8ec6aa6ee17f0d66d5b9e,3.13.13
"2,10,10,10",28,4,730,40,1,6,120.0,4021,0,8ddbf1da444305a57c12cf2b9c60b04f5ffbdd6b,1,1897.0,120.0,0.0,0,0,,,815d7d06649785a3c5e964208c85474ed708385699f8ec6aa6ee17f0d66d5b9e,3.13.13
"2,10,10,10",28,4,730,40,1,6,120.0,4022,0,8ddbf1da444305a57c12cf2b9c60b04f5ffbdd6b,1,3053.0,120.0,0.0,0,0,,726,815d7d06649785a3c5e964208c85474ed708385699f8ec6aa6ee17f0d66d5b9e,3.13.13
"2,10,10,10",28,4,730,40,1,6,120.0,4023,0,8ddbf1da444305a57c12cf2b9c60b04f5ffbdd6b,1,3096.0,120.0,0.0,0,0,,,815d7d06649785a3c5e964208c85474ed708385699f8ec6aa6ee17f0d66d5b9e,3.13.13
"2,10,10,10",28,4,730,40,1,6,120.0,4024,0,8ddbf1da444305a57c12cf2b9c60b04f5ffbdd6b,1,1351.0,120.0,0.0,0,0,,,815d7d06649785a3c5e964208c85474ed708385699f8ec6aa6ee17f0d66d5b9e,3.13.13
"2,10,10,10",28,4,730,40,1,6,120.0,4025,0,8ddbf1da444305a57c12cf2b9c60b04f5ffbdd6b,1,1281.0,120.0,0.0,0,0,,722,815d7d06649785a3c5e964208c85474ed708385699f8ec6aa6ee17f0d66d5b9e,3.13.13
"2,10,10,10",28,4,730,40,1,6,120.0,4026,0,8ddbf1da444305a57c12cf2b9c60b04f5ffbdd6b,1,1840.0,120.0,0.0,0,0,,,815d7d06649785a3c5e964208c85474ed708385699f8ec6aa6ee17f0d66d5b9e,3.13.13
"2,10,10,10",28,4,730,40,1,6,120.0,4027,0,8ddbf1da444305a57c12cf2b9c60b04f5ffbdd6b,1,1625.0,120.0,0.0,0,0,,,815d7d06649785a3c5e964208c85474ed708385699f8ec6aa6ee17f0d66d5b9e,3.13.13
"2,10,10,10",28,4,730,40,1,6,120.0,4028,0,8ddbf1da444305a57c12cf2b9c60b04f5ffbdd6b,1,2191.0,120.0,0.0,0,0,,,815d7d06649785a3c5e964208c85474ed708385699f8ec6aa6ee17f0d66d5b9e,3.13.13
"2,10,10,10",28,4,730,40,1,6,120.0,4029,0,8ddbf1da444305a57c12cf2b9c60b04f5ffbdd6b,1,717.0,120.0,0.0,0,0,,,815d7d06649785a3c5e964208c85474ed708385699f8ec6aa6ee17f0d66d5b9e,3.13.13
"2,10,10,10",28,4,730,40,1,6,120.0,4030,0,8ddbf1da444305a57c12cf2b9c60b04f5ffbdd6b,1,1592.0,120.0,0.0,0,0,,,815d7d06649785a3c5e964208c85474ed708385699f8ec6aa6ee17f0d66d5b9e,3.13.13
"2,10,10,10",28,4,730,40,1,6,400.0,4001,0,8ddbf1da444305a57c12cf2b9c60b04f5ffbdd6b,1,786.0,230.0,170.0,0,0,,,815d7d06649785a3c5e964208c85474ed708385699f8ec6aa6ee17f0d66d5b9e,3.13.13
"2,10,10,10",28,4,730,40,1,6,400.0,4002,0,8ddbf1da444305a57c12cf2b9c60b04f5ffbdd6b,1,1270.0,260.0,140.0,0,0,,,815d7d06649785a3c5e964208c85474ed708385699f8ec6aa6ee17f0d66d5b9e,3.13.13
"2,10,10,10",28,4,730,40,1,6,400.0,4003,0,8ddbf1da444305a57c12cf2b9c60b04f5ffbdd6b,1,569.0,250.0,150.0,0,0,,,815d7d06649785a3c5e964208c85474ed708385699f8ec6aa6ee17f0d66d5b9e,3.13.13
"2,10,10,10",28,4,730,40,1,6,400.0,4004,0,8ddbf1da444305a57c12cf2b9c60b04f5ffbdd6b,1,697.0,240.0,160.0,0,0,,,815d7d06649785a3c5e964208c85474ed708385699f8ec6aa6ee17f0d66d5b9e,3.13.13
"2,10,10,10",28,4,730,40,1,6,400.0,4005,0,8ddbf1da444305a57c12cf2b9c60b04f5ffbdd6b,1,1229.0,240.0,160.0,0,0,,,815d7d06649785a3c5e964208c85474ed708385699f8ec6aa6ee17f0d66d5b9e,3.13.13
"2,10,10,10",28,4,730,40,1,6,400.0,4006,0,8ddbf1da444305a57c12cf2b9c60b04f5ffbdd6b,1,922.0,240.0,160.0,0,0,,,815d7d06649785a3c5e964208c85474ed708385699f8ec6aa6ee17f0d66d5b9e,3.13.13
"2,10,10,10",28,4,730,40,1,6,400.0,4007,0,8ddbf1da444305a57c12cf2b9c60b04f5ffbdd6b,1,853.0,240.0,160.0,0,0,,,815d7d06649785a3c5e964208c85474ed708385699f8ec6aa6ee17f0d66d5b9e,3.13.13
"2,10,10,10",28,4,730,40,1,6,400.0,4008,0,8ddbf1da444305a57c12cf2b9c60b04f5ffbdd6b,1,1005.0,240.0,160.0,0,0,,,815d7d06649785a3c5e964208c85474ed708385699f8ec6aa6ee17f0d66d5b9e,3.13.13
"2,10,10,10",28,4,730,40,1,6,400.0,4009,0,8ddbf1da444305a57c12cf2b9c60b04f5ffbdd6b,1,504.0,240.0,160.0,0,0,,,815d7d06649785a3c5e964208c85474ed708385699f8ec6aa6ee17f0d66d5b9e,3.13.13
"2,10,10,10",28,4,730,40,1,6,400.0,4010,0,8ddbf1da444305a57c12cf2b9c60b04f5ffbdd6b,1,1323.0,250.0,150.0,0,0,,,815d7d06649785a3c5e964208c85474ed708385699f8ec6aa6ee17f0d66d5b9e,3.13.13
"2,10,10,10",28,4,730,40,1,6,400.0,4011,0,8ddbf1da444305a57c12cf2b9c60b04f5ffbdd6b,1,532.0,240.0,160.0,0,0,,,815d7d06649785a3c5e964208c85474ed708385699f8ec6aa6ee17f0d66d5b9e,3.13.13
"2,10,10,10",28,4,730,40,1,6,400.0,4012,0,8ddbf1da444305a57c12cf2b9c60b04f5ffbdd6b,1,761.0,240.0,160.0,0,0,,,815d7d06649785a3c5e964208c85474ed708385699f8ec6aa6ee17f0d66d5b9e,3.13.13
"2,10,10,10",28,4,730,40,1,6,400.0,4013,0,8ddbf1da444305a57c12cf2b9c60b04f5ffbdd6b,1,939.0,250.0,150.0,0,0,,,815d7d06649785a3c5e964208c85474ed708385699f8ec6aa6ee17f0d66d5b9e,3.13.13
"2,10,10,10",28,4,730,40,1,6,400.0,4014,0,8ddbf1da444305a57c12cf2b9c60b04f5ffbdd6b,1,1097.0,230.0,170.0,0,0,,,815d7d06649785a3c5e964208c85474ed708385699f8ec6aa6ee17f0d66d5b9e,3.13.13
"2,10,10,10",28,4,730,40,1,6,400.0,4015,0,8ddbf1da444305a57c12cf2b9c60b04f5ffbdd6b,1,872.0,250.0,150.0,0,0,,,815d7d06649785a3c5e964208c85474ed708385699f8ec6aa6ee17f0d66d5b9e,3.13.13
"2,10,10,10",28,4,730,40,1,6,400.0,4016,0,8ddbf1da444305a57c12cf2b9c60b04f5ffbdd6b,1,977.0,250.0,150.0,0,0,,,815d7d06649785a3c5e964208c85474ed708385699f8ec6aa6ee17f0d66d5b9e,3.13.13
"2,10,10,10",28,4,730,40,1,6,400.0,4017,0,8ddbf1da444305a57c12cf2b9c60b04f5ffbdd6b,1,1573.0,240.0,160.0,0,0,,,815d7d06649785a3c5e964208c85474ed708385699f8ec6aa6ee17f0d66d5b9e,3.13.13
"2,10,10,10",28,4,730,40,1,6,400.0,4018,0,8ddbf1da444305a57c12cf2b9c60b04f5ffbdd6b,1,338.0,240.0,160.0,0,0,,,815d7d06649785a3c5e964208c85474ed708385699f8ec6aa6ee17f0d66d5b9e,3.13.13
"2,10,10,10",28,4,730,40,1,6,400.0,4019,0,8ddbf1da444305a57c12cf2b9c60b04f5ffbdd6b,1,720.0,250.0,150.0,0,0,,,815d7d06649785a3c5e964208c85474ed708385699f8ec6aa6ee17f0d66d5b9e,3.13.13
"2,10,10,10",28,4,730,40,1,6,400.0,4020,0,8ddbf1da444305a57c12cf2b9c60b04f5ffbdd6b,1,630.0,240.0,160.0,0,0,,,815d7d06649785a3c5e964208c85474ed708385699f8ec6aa6ee17f0d66d5b9e,3.13.13
"2,10,10,10",28,4,730,40,1,6,400.0,4021,0,8ddbf1da444305a57c12cf2b9c60b04f5ffbdd6b,1,521.0,240.0,160.0,0,0,,,815d7d06649785a3c5e964208c85474ed708385699f8ec6aa6ee17f0d66d5b9e,3.13.13
"2,10,10,10",28,4,730,40,1,6,400.0,4022,0,8ddbf1da444305a57c12cf2b9c60b04f5ffbdd6b,1,851.0,240.0,160.0,0,0,,,815d7d06649785a3c5e964208c85474ed708385699f8ec6aa6ee17f0d66d5b9e,3.13.13
"2,10,10,10",28,4,730,40,1,6,400.0,4023,0,8ddbf1da444305a57c12cf2b9c60b04f5ffbdd6b,1,1000.0,260.0,140.0,0,0,,,815d7d06649785a3c5e964208c85474ed708385699f8ec6aa6ee17f0d66d5b9e,3.13.13
"2,10,10,10",28,4,730,40,1,6,400.0,4024,0,8ddbf1da444305a57c12cf2b9c60b04f5ffbdd6b,1,571.0,250.0,150.0,0,0,,,815d7d06649785a3c5e964208c85474ed708385699f8ec6aa6ee17f0d66d5b9e,3.13.13
"2,10,10,10",28,4,730,40,1,6,400.0,4025,0,8ddbf1da444305a57c12cf2b9c60b04f5ffbdd6b,1,470.0,240.0,160.0,0,0,,,815d7d06649785a3c5e964208c85474ed708385699f8ec6aa6ee17f0d66d5b9e,3.13.13
"2,10,10,10",28,4,730,40,1,6,400.0,4026,0,8ddbf1da444305a57c12cf2b9c60b04f5ffbdd6b,1,1228.0,250.0,150.0,0,0,,,815d7d06649785a3c5e964208c85474ed708385699f8ec6aa6ee17f0d66d5b9e,3.13.13
"2,10,10,10",28,4,730,40,1,6,400.0,4027,0,8ddbf1da444305a57c12cf2b9c60b04f5ffbdd6b,1,931.0,240.0,160.0,0,0,,,815d7d06649785a3c5e964208c85474ed708385699f8ec6aa6ee17f0d66d5b9e,3.13.13
"2,10,10,10",28,4,730,40,1,6,400.0,4028,0,8ddbf1da444305a57c12cf2b9c60b04f5ffbdd6b,1,360.0,240.0,160.0,0,0,,,815d7d06649785a3c5e964208c85474ed708385699f8ec6aa6ee17f0d66d5b9e,3.13.13
"2,10,10,10",28,4,730,40,1,6,400.0,4029,0,8ddbf1da444305a57c12cf2b9c60b04f5ffbdd6b,1,1120.0,240.0,160.0,0,0,,,815d7d06649785a3c5e964208c85474ed708385699f8ec6aa6ee17f0d66d5b9e,3.13.13
"2,10,10,10",28,4,730,40,1,6,400.0,4030,0,8ddbf1da444305a57c12cf2b9c60b04f5ffbdd6b,1,475.0,240.0,160.0,0,0,,,815d7d06649785a3c5e964208c85474ed708385699f8ec6aa6ee17f0d66d5b9e,3.13.13
"2,7,10,r",28,4,730,40,1,6,120.0,4001,0,8ddbf1da444305a57c12cf2b9c60b04f5ffbdd6b,1,1725.0,120.0,0.0,0,0,,,d83b7ef78e060b023d2dbe1d80f4921c129603ccb8fcdd4b5ca7e806067f9590,3.13.13
"2,7,10,r",28,4,730,40,1,6,120.0,4002,0,8ddbf1da444305a57c12cf2b9c60b04f5ffbdd6b,1,2176.0,120.0,0.0,0,0,,715,d83b7ef78e060b023d2dbe1d80f4921c129603ccb8fcdd4b5ca7e806067f9590,3.13.13
"2,7,10,r",28,4,730,40,1,6,120.0,4003,0,8ddbf1da444305a57c12cf2b9c60b04f5ffbdd6b,1,2127.0,120.0,0.0,0,0,,715,d83b7ef78e060b023d2dbe1d80f4921c129603ccb8fcdd4b5ca7e806067f9590,3.13.13
"2,7,10,r",28,4,730,40,1,6,120.0,4004,0,8ddbf1da444305a57c12cf2b9c60b04f5ffbdd6b,1,2252.0,120.0,0.0,0,0,,,d83b7ef78e060b023d2dbe1d80f4921c129603ccb8fcdd4b5ca7e806067f9590,3.13.13
"2,7,10,r",28,4,730,40,1,6,120.0,4005,0,8ddbf1da444305a57c12cf2b9c60b04f5ffbdd6b,1,2933.0,120.0,0.0,0,0,,,d83b7ef78e060b023d2dbe1d80f4921c129603ccb8fcdd4b5ca7e806067f9590,3.13.13
"2,7,10,r",28,4,730,40,1,6,120.0,4006,0,8ddbf1da444305a57c12cf2b9c60b04f5ffbdd6b,1,1218.0,120.0,0.0,0,0,,720,d83b7ef78e060b023d2dbe1d80f4921c129603ccb8fcdd4b5ca7e806067f9590,3.13.13
"2,7,10,r",28,4,730,40,1,6,120.0,4007,0,8ddbf1da444305a57c12cf2b9c60b04f5ffbdd6b,1,1929.0,120.0,0.0,0,0,,723,d83b7ef78e060b023d2dbe1d80f4921c129603ccb8fcdd4b5ca7e806067f9590,3.13.13
"2,7,10,r",28,4,730,40,1,6,120.0,4008,0,8ddbf1da444305a57c12cf2b9c60b04f5ffbdd6b,1,635.0,120.0,0.0,0,0,,,d83b7ef78e060b023d2dbe1d80f4921c129603ccb8fcdd4b5ca7e806067f9590,3.13.13
"2,7,10,r",28,4,730,40,1,6,120.0,4009,0,8ddbf1da444305a57c12cf2b9c60b04f5ffbdd6b,1,1707.0,120.0,0.0,0,0,,,d83b7ef78e060b023d2dbe1d80f4921c129603ccb8fcdd4b5ca7e806067f9590,3.13.13
"2,7,10,r",28,4,730,40,1,6,120.0,4010,0,8ddbf1da444305a57c12cf2b9c60b04f5ffbdd6b,1,1499.0,120.0,0.0,0,0,,722,d83b7ef78e060b023d2dbe1d80f4921c129603ccb8fcdd4b5ca7e806067f9590,3.13.13
"2,7,10,r",28,4,730,40,1,6,120.0,4011,0,8ddbf1da444305a57c12cf2b9c60b04f5ffbdd6b,1,930.0,120.0,0.0,0,0,,,d83b7ef78e060b023d2dbe1d80f4921c129603ccb8fcdd4b5ca7e806067f9590,3.13.13
"2,7,10,r",28,4,730,40,1,6,120.0,4012,0,8ddbf1da444305a57c12cf2b9c60b04f5ffbdd6b,1,451.0,120.0,0.0,0,0,,,d83b7ef78e060b023d2dbe1d80f4921c129603ccb8fcdd4b5ca7e806067f9590,3.13.13
"2,7,10,r",28,4,730,40,1,6,120.0,4013,0,8ddbf1da444305a57c12cf2b9c60b04f5ffbdd6b,1,2494.0,120.0,0.0,0,0,,,d83b7ef78e060b023d2dbe1d80f4921c129603ccb8fcdd4b5ca7e806067f9590,3.13.13
"2,7,10,r",28,4,730,40,1,6,120.0,4014,0,8ddbf1da444305a57c12cf2b9c60b04f5ffbdd6b,1,1716.0,120.0,0.0,0,0,,,d83b7ef78e060b023d2dbe1d80f4921c129603ccb8fcdd4b5ca7e806067f9590,3.13.13
"2,7,10,r",28,4,730,40,1,6,120.0,4015,0,8ddbf1da444305a57c12cf2b9c60b04f5ffbdd6b,1,1915.0,120.0,0.0,0,0,,728,d83b7ef78e060b023d2dbe1d80f4921c129603ccb8fcdd4b5ca7e806067f9590,3.13.13
"2,7,10,r",28,4,730,40,1,6,120.0,4016,0,8ddbf1da444305a57c12cf2b9c60b04f5ffbdd6b,1,1499.0,120.0,0.0,0,0,,,d83b7ef78e060b023d2dbe1d80f4921c129603ccb8fcdd4b5ca7e806067f9590,3.13.13
"2,7,10,r",28,4,730,40,1,6,120.0,4017,0,8ddbf1da444305a57c12cf2b9c60b04f5ffbdd6b,1,1119.0,120.0,0.0,0,0,,,d83b7ef78e060b023d2dbe1d80f4921c129603ccb8fcdd4b5ca7e806067f9590,3.13.13
"2,7,10,r",28,4,730,40,1,6,120.0,4018,0,8ddbf1da444305a57c12cf2b9c60b04f5ffbdd6b,1,1294.0,120.0,0.0,0,0,,,d83b7ef78e060b023d2dbe1d80f4921c129603ccb8fcdd4b5ca7e806067f9590,3.13.13
"2,7,10,r",28,4,730,40,1,6,120.0,4019,0,8ddbf1da444305a57c12cf2b9c60b04f5ffbdd6b,1,2209.0,120.0,0.0,0,0,,705,d83b7ef78e060b023d2dbe1d80f4921c129603ccb8fcdd4b5ca7e806067f9590,3.13.13
"2,7,10,r",28,4,730,40,1,6,120.0,4020,0,8ddbf1da444305a57c12cf2b9c60b04f5ffbdd6b,1,1496.0,120.0,0.0,0,0,,730,d83b7ef78e060b023d2dbe1d80f4921c129603ccb8fcdd4b5ca7e806067f9590,3.13.13
"2,7,10,r",28,4,730,40,1,6,120.0,4021,0,8ddbf1da444305a57c12cf2b9c60b04f5ffbdd6b,1,1836.0,120.0,0.0,0,0,,711,d83b7ef78e060b023d2dbe1d80f4921c129603ccb8fcdd4b5ca7e806067f9590,3.13.13
"2,7,10,r",28,4,730,40,1,6,120.0,4022,0,8ddbf1da444305a57c12cf2b9c60b04f5ffbdd6b,1,1380.0,120.0,0.0,0,0,,,d83b7ef78e060b023d2dbe1d80f4921c129603ccb8fcdd4b5ca7e806067f9590,3.13.13
"2,7,10,r",28,4,730,40,1,6,120.0,4023,0,8ddbf1da444305a57c12cf2b9c60b04f5ffbdd6b,1,2256.0,120.0,0.0,0,0,,698,d83b7ef78e060b023d2dbe1d80f4921c129603ccb8fcdd4b5ca7e806067f9590,3.13.13
"2,7,10,r",28,4,730,40,1,6,120.0,4024,0,8ddbf1da444305a57c12cf2b9c60b04f5ffbdd6b,1,1781.0,120.0,0.0,0,0,,,d83b7ef78e060b023d2dbe1d80f4921c129603ccb8fcdd4b5ca7e806067f9590,3.13.13
"2,7,10,r",28,4,730,40,1,6,120.0,4025,0,8ddbf1da444305a57c12cf2b9c60b04f5ffbdd6b,1,1334.0,120.0,0.0,0,0,,710,d83b7ef78e060b023d2dbe1d80f4921c129603ccb8fcdd4b5ca7e806067f9590,3.13.13
"2,7,10,r",28,4,730,40,1,6,120.0,4026,0,8ddbf1da444305a57c12cf2b9c60b04f5ffbdd6b,1,354.0,120.0,0.0,0,0,,,d83b7ef78e060b023d2dbe1d80f4921c129603ccb8fcdd4b5ca7e806067f9590,3.13.13
"2,7,10,r",28,4,730,40,1,6,120.0,4027,0,8ddbf1da444305a57c12cf2b9c60b04f5ffbdd6b,1,2438.0,120.0,0.0,0,0,,724,d83b7ef78e060b023d2dbe1d80f4921c129603ccb8fcdd4b5ca7e806067f9590,3.13.13
"2,7,10,r",28,4,730,40,1,6,120.0,4028,0,8ddbf1da444305a57c12cf2b9c60b04f5ffbdd6b,1,1168.0,120.0,0.0,0,0,,,d83b7ef78e060b023d2dbe1d80f4921c129603ccb8fcdd4b5ca7e806067f9590,3.13.13
"2,7,10,r",28,4,730,40,1,6,120.0,4029,0,8ddbf1da444305a57c12cf2b9c60b04f5ffbdd6b,1,1307.0,120.0,0.0,0,0,,725,d83b7ef78e060b023d2dbe1d80f4921c129603ccb8fcdd4b5ca7e806067f9590,3.13.13
"2,7,10,r",28,4,730,40,1,6,120.0,4030,0,8ddbf1da444305a57c12cf2b9c60b04f5ffbdd6b,1,1489.0,120.0,0.0,0,0,,,d83b7ef78e060b023d2dbe1d80f4921c129603ccb8fcdd4b5ca7e806067f9590,3.13.13
"2,7,10,r",28,4,730,40,1,6,400.0,4001,0,8ddbf1da444305a57c12cf2b9c60b04f5ffbdd6b,1,698.0,400.0,0.0,0,0,,,d83b7ef78e060b023d2dbe1d80f4921c129603ccb8fcdd4b5ca7e806067f9590,3.13.13
"2,7,10,r",28,4,730,40,1,6,400.0,4002,0,8ddbf1da444305a57c12cf2b9c60b04f5ffbdd6b,1,1689.0,400.0,0.0,0,0,,,d83b7ef78e060b023d2dbe1d80f4921c129603ccb8fcdd4b5ca7e806067f9590,3.13.13
"2,7,10,r",28,4,730,40,1,6,400.0,4003,0,8ddbf1da444305a57c12cf2b9c60b04f5ffbdd6b,1,1111.0,400.0,0.0,0,0,,,d83b7ef78e060b023d2dbe1d80f4921c129603ccb8fcdd4b5ca7e806067f9590,3.13.13
"2,7,10,r",28,4,730,40,1,6,400.0,4004,0,8ddbf1da444305a57c12cf2b9c60b04f5ffbdd6b,1,919.0,400.0,0.0,0,0,,,d83b7ef78e060b023d2dbe1d80f4921c129603ccb8fcdd4b5ca7e806067f9590,3.13.13
"2,7,10,r",28,4,730,40,1,6,400.0,4005,0,8ddbf1da444305a57c12cf2b9c60b04f5ffbdd6b,1,691.0,400.0,0.0,0,0,,,d83b7ef78e060b023d2dbe1d80f4921c129603ccb8fcdd4b5ca7e806067f9590,3.13.13
"2,7,10,r",28,4,730,40,1,6,400.0,4006,0,8ddbf1da444305a57c12cf2b9c60b04f5ffbdd6b,1,603.0,400.0,0.0,0,0,,,d83b7ef78e060b023d2dbe1d80f4921c129603ccb8fcdd4b5ca7e806067f9590,3.13.13
"2,7,10,r",28,4,730,40,1,6,400.0,4007,0,8ddbf1da444305a57c12cf2b9c60b04f5ffbdd6b,1,477.0,400.0,0.0,0,0,,,d83b7ef78e060b023d2dbe1d80f4921c129603ccb8fcdd4b5ca7e806067f9590,3.13.13
"2,7,10,r",28,4,730,40,1,6,400.0,4008,0,8ddbf1da444305a57c12cf2b9c60b04f5ffbdd6b,1,351.0,400.0,0.0,0,0,,,d83b7ef78e060b023d2dbe1d80f4921c129603ccb8fcdd4b5ca7e806067f9590,3.13.13
"2,7,10,r",28,4,730,40,1,6,400.0,4009,0,8ddbf1da444305a57c12cf2b9c60b04f5ffbdd6b,1,900.0,400.0,0.0,0,0,,,d83b7ef78e060b023d2dbe1d80f4921c129603ccb8fcdd4b5ca7e806067f9590,3.13.13
"2,7,10,r",28,4,730,40,1,6,400.0,4010,0,8ddbf1da444305a57c12cf2b9c60b04f5ffbdd6b,1,875.0,400.0,0.0,0,0,,,d83b7ef78e060b023d2dbe1d80f4921c129603ccb8fcdd4b5ca7e806067f9590,3.13.13
"2,7,10,r",28,4,730,40,1,6,400.0,4011,0,8ddbf1da444305a57c12cf2b9c60b04f5ffbdd6b,1,913.0,400.0,0.0,0,0,,,d83b7ef78e060b023d2dbe1d80f4921c129603ccb8fcdd4b5ca7e806067f9590,3.13.13
"2,7,10,r",28,4,730,40,1,6,400.0,4012,0,8ddbf1da444305a57c12cf2b9c60b04f5ffbdd6b,1,1150.0,400.0,0.0,0,0,,,d83b7ef78e060b023d2dbe1d80f4921c129603ccb8fcdd4b5ca7e806067f9590,3.13.13
"2,7,10,r",28,4,730,40,1,6,400.0,4013,0,8ddbf1da444305a57c12cf2b9c60b04f5ffbdd6b,1,879.0,400.0,0.0,0,0,,,d83b7ef78e060b023d2dbe1d80f4921c129603ccb8fcdd4b5ca7e806067f9590,3.13.13
"2,7,10,r",28,4,730,40,1,6,400.0,4014,0,8ddbf1da444305a57c12cf2b9c60b04f5ffbdd6b,1,1217.0,400.0,0.0,0,0,,,d83b7ef78e060b023d2dbe1d80f4921c129603ccb8fcdd4b5ca7e806067f9590,3.13.13
"2,7,10,r",28,4,730,40,1,6,400.0,4015,0,8ddbf1da444305a57c12cf2b9c60b04f5ffbdd6b,1,1160.0,400.0,0.0,0,0,,730,d83b7ef78e060b023d2dbe1d80f4921c129603ccb8fcdd4b5ca7e806067f9590,3.13.13
"2,7,10,r",28,4,730,40,1,6,400.0,4016,0,8ddbf1da444305a57c12cf2b9c60b04f5ffbdd6b,1,327.0,400.0,0.0,0,0,,,d83b7ef78e060b023d2dbe1d80f4921c129603ccb8fcdd4b5ca7e806067f9590,3.13.13
"2,7,10,r",28,4,730,40,1,6,400.0,4017,0,8ddbf1da444305a57c12cf2b9c60b04f5ffbdd6b,1,660.0,400.0,0.0,0,0,,,d83b7ef78e060b023d2dbe1d80f4921c129603ccb8fcdd4b5ca7e806067f9590,3.13.13
"2,7,10,r",28,4,730,40,1,6,400.0,4018,0,8ddbf1da444305a57c12cf2b9c60b04f5ffbdd6b,1,781.0,400.0,0.0,0,0,,,d83b7ef78e060b023d2dbe1d80f4921c129603ccb8fcdd4b5ca7e806067f9590,3.13.13
"2,7,10,r",28,4,730,40,1,6,400.0,4019,0,8ddbf1da444305a57c12cf2b9c60b04f5ffbdd6b,1,838.0,400.0,0.0,0,0,,,d83b7ef78e060b023d2dbe1d80f4921c129603ccb8fcdd4b5ca7e806067f9590,3.13.13
"2,7,10,r",28,4,730,40,1,6,400.0,4020,0,8ddbf1da444305a57c12cf2b9c60b04f5ffbdd6b,1,942.0,400.0,0.0,0,0,,,d83b7ef78e060b023d2dbe1d80f4921c129603ccb8fcdd4b5ca7e806067f9590,3.13.13
"2,7,10,r",28,4,730,40,1,6,400.0,4021,0,8ddbf1da444305a57c12cf2b9c60b04f5ffbdd6b,1,1201.0,400.0,0.0,0,0,,,d83b7ef78e060b023d2dbe1d80f4921c129603ccb8fcdd4b5ca7e806067f9590,3.13.13
"2,7,10,r",28,4,730,40,1,6,400.0,4022,0,8ddbf1da444305a57c12cf2b9c60b04f5ffbdd6b,1,582.0,400.0,0.0,0,0,,,d83b7ef78e060b023d2dbe1d80f4921c129603ccb8fcdd4b5ca7e806067f9590,3.13.13
"2,7,10,r",28,4,730,40,1,6,400.0,4023,0,8ddbf1da444305a57c12cf2b9c60b04f5ffbdd6b,1,1013.0,390.0,10.0,0,0,,,d83b7ef78e060b023d2dbe1d80f4921c129603ccb8fcdd4b5ca7e806067f9590,3.13.13
"2,7,10,r",28,4,730,40,1,6,400.0,4024,0,8ddbf1da444305a57c12cf2b9c60b04f5ffbdd6b,1,596.0,400.0,0.0,0,0,,,d83b7ef78e060b023d2dbe1d80f4921c129603ccb8fcdd4b5ca7e806067f9590,3.13.13
"2,7,10,r",28,4,730,40,1,6,400.0,4025,0,8ddbf1da444305a57c12cf2b9c60b04f5ffbdd6b,1,540.0,400.0,0.0,0,0,,,d83b7ef78e060b023d2dbe1d80f4921c129603ccb8fcdd4b5ca7e806067f9590,3.13.13
"2,7,10,r",28,4,730,40,1,6,400.0,4026,0,8ddbf1da444305a57c12cf2b9c60b04f5ffbdd6b,1,323.0,400.0,0.0,0,0,,,d83b7ef78e060b023d2dbe1d80f4921c129603ccb8fcdd4b5ca7e806067f9590,3.13.13
"2,7,10,r",28,4,730,40,1,6,400.0,4027,0,8ddbf1da444305a57c12cf2b9c60b04f5ffbdd6b,1,1324.0,400.0,0.0,0,0,,,d83b7ef78e060b023d2dbe1d80f4921c129603ccb8fcdd4b5ca7e806067f9590,3.13.13
"2,7,10,r",28,4,730,40,1,6,400.0,4028,0,8ddbf1da444305a57c12cf2b9c60b04f5ffbdd6b,1,439.0,400.0,0.0,0,0,,,d83b7ef78e060b023d2dbe1d80f4921c129603ccb8fcdd4b5ca7e806067f9590,3.13.13
"2,7,10,r",28,4,730,40,1,6,400.0,4029,0,8ddbf1da444305a57c12cf2b9c60b04f5ffbdd6b,1,703.0,400.0,0.0,0,0,,,d83b7ef78e060b023d2dbe1d80f4921c129603ccb8fcdd4b5ca7e806067f9590,3.13.13
"2,7,10,r",28,4,730,40,1,6,400.0,4030,0,8ddbf1da444305a57c12cf2b9c60b04f5ffbdd6b,1,645.0,400.0,0.0,0,0,,,d83b7ef78e060b023d2dbe1d80f4921c129603ccb8fcdd4b5ca7e806067f9590,3.13.13
