config_id,family,roster,focal_seats,budget,seed,capacity,hand_size,days,embarrassment,focal_sockless,household_sockless,total_spent,budget_remaining,focal_discards,two_discard_turns,faults,fault_details,drawer_size
initial,original,"1,2,1,1",1,0,9280001,28,4,730,32768063.0,500,1989,0.0,0.0,0,0,0,,1
initial,original,"2,1,1,1",0,0,9280004,28,4,730,32440320.0,495,1982,0.0,0.0,0,0,0,,1
initial,original,"2,1,1,1",0,0,9280000,28,4,730,32243838.0,492,1964,0.0,0.0,0,0,0,,1
initial,original,"1,1,2,1",2,0,9280002,28,4,730,32243775.0,492,1968,0.0,0.0,0,0,0,,1
initial,original,"1,1,1,2",3,0,9280003,28,4,730,31916032.0,487,1955,0.0,0.0,0,0,0,,1
initial,original,"2,1,1,1",0,10,9280000,28,4,730,29032569.0,443,1778,10.0,0.0,0,0,0,,1
initial,original,"1,2,1,1",1,10,9280001,28,4,730,29163650.0,445,1785,10.0,0.0,0,0,0,,1
initial,original,"2,1,1,1",0,10,9280004,28,4,730,28966970.0,442,1763,10.0,0.0,0,0,0,,0
initial,original,"1,1,1,2",3,10,9280003,28,4,730,28967077.0,442,1749,10.0,0.0,0,0,0,,1
initial,original,"1,1,2,1",2,10,9280002,28,4,730,28770756.0,439,1755,10.0,0.0,0,0,0,,1
initial,original,"2,1,1,1",0,30,9280000,28,4,730,22282378.0,340,1357,30.0,0.0,0,0,0,,0
initial,original,"1,2,1,1",1,30,9280001,28,4,730,23003653.0,351,1392,30.0,0.0,0,0,0,,1
initial,original,"1,1,2,1",2,30,9280002,28,4,730,22610726.0,345,1375,30.0,0.0,0,0,0,,1
initial,original,"1,1,1,2",3,30,9280003,28,4,730,22217740.0,339,1379,30.0,0.0,0,0,0,,1
initial,original,"2,1,1,1",0,30,9280004,28,4,730,22414216.0,342,1370,30.0,0.0,0,0,0,,1
initial,original,"2,1,1,1",0,60,9280000,28,4,730,11995601.0,183,745,60.0,0.0,0,0,0,,1
initial,original,"1,2,1,1",1,60,9280001,28,4,730,12845586.0,196,773,60.0,0.0,0,0,0,,1
initial,original,"1,1,2,1",2,60,9280002,28,4,730,12584074.0,192,754,60.0,0.0,0,0,0,,1
initial,original,"2,1,1,1",0,60,9280004,28,4,730,11994673.0,183,752,60.0,0.0,0,0,0,,1
initial,original,"1,1,1,2",3,60,9280003,28,4,730,11994535.0,183,731,60.0,0.0,0,0,0,,1
initial,original,"2,1,1,1",0,90,9280000,28,4,730,2164637.0,33,124,90.0,0.0,0,0,0,,1
initial,original,"1,2,1,1",1,90,9280001,28,4,730,2754790.0,42,166,90.0,0.0,0,0,0,,1
initial,original,"1,1,2,1",2,90,9280002,28,4,730,2819939.0,43,161,90.0,0.0,0,0,0,,1
initial,original,"1,1,1,2",3,90,9280003,28,4,730,2624001.0,40,139,90.0,0.0,0,0,0,,2
initial,original,"2,1,1,1",0,90,9280004,28,4,730,2623715.0,40,130,90.0,0.0,0,0,0,,1
initial,original,"3,3,2,3",2,0,9280002,28,4,730,33030293.0,504,2010,0.0,0.0,0,0,0,,1
initial,original,"3,2,3,3",1,0,9280001,28,4,730,32506009.0,496,1981,0.0,0.0,0,0,0,,1
initial,original,"2,3,3,3",0,0,9280000,28,4,730,32636991.0,498,1985,0.0,0.0,0,0,0,,1
initial,original,"2,3,3,3",0,0,9280004,28,4,730,32440399.0,495,1965,0.0,0.0,0,0,0,,0
initial,original,"3,3,3,2",3,0,9280003,28,4,730,32112703.0,490,1962,0.0,0.0,0,0,0,,1
initial,original,"2,3,3,3",0,10,9280000,28,4,730,29425981.0,449,1778,10.0,0.0,0,0,0,,1
initial,original,"3,3,3,2",3,10,9280003,28,4,730,28705132.0,438,1760,10.0,0.0,0,0,0,,1
initial,original,"3,3,2,3",2,10,9280002,28,4,730,29163520.0,445,1792,10.0,0.0,0,0,0,,1
initial,original,"3,2,3,3",1,10,9280001,28,4,730,28967329.0,442,1769,10.0,0.0,0,0,0,,1
initial,original,"2,3,3,3",0,10,9280004,28,4,730,28640164.0,437,1755,10.0,0.0,0,0,0,,1
initial,original,"2,3,3,3",0,30,9280000,28,4,730,22479427.0,343,1362,30.0,0.0,0,0,0,,1
initial,original,"3,2,3,3",1,30,9280001,28,4,730,22741570.0,347,1375,30.0,0.0,0,0,0,,1
initial,original,"3,3,2,3",2,30,9280002,28,4,730,22544579.0,344,1362,30.0,0.0,0,0,0,,1
initial,original,"3,3,3,2",3,30,9280003,28,4,730,22217344.0,339,1367,30.0,0.0,0,0,0,,1
initial,original,"2,3,3,3",0,30,9280004,28,4,730,22545191.0,344,1362,30.0,0.0,0,0,0,,1
initial,original,"2,3,3,3",0,60,9280000,28,4,730,11993904.0,183,729,60.0,0.0,0,0,0,,1
initial,original,"3,2,3,3",1,60,9280001,28,4,730,12387268.0,189,751,60.0,0.0,0,0,0,,1
initial,original,"3,3,2,3",2,60,9280002,28,4,730,12125088.0,185,742,60.0,0.0,0,0,0,,1
initial,original,"3,3,3,2",3,60,9280003,28,4,730,12256835.0,187,737,60.0,0.0,0,0,0,,1
initial,original,"2,3,3,3",0,60,9280004,28,4,730,12256889.0,187,740,60.0,0.0,0,0,0,,1
initial,original,"2,4,4,4",0,0,9280000,28,4,730,32178302.0,491,1968,0.0,0.0,0,0,0,,1
initial,original,"4,2,4,4",1,0,9280001,28,4,730,32965030.0,503,1997,0.0,0.0,0,0,0,,1
initial,original,"4,4,2,4",2,0,9280002,28,4,730,32243901.0,492,1967,0.0,0.0,0,0,0,,1
initial,original,"4,4,4,2",3,0,9280003,28,4,730,32440346.0,495,1993,0.0,0.0,0,0,0,,1
initial,original,"2,4,4,4",0,0,9280004,28,4,730,32375188.0,494,1979,0.0,0.0,0,0,0,,1
initial,original,"2,4,4,4",0,10,9280000,28,4,730,29163646.0,445,1771,10.0,0.0,0,0,0,,1
initial,original,"4,2,4,4",1,10,9280001,28,4,730,29230520.0,446,1772,10.0,0.0,0,0,0,,1
initial,original,"4,4,2,4",2,10,9280002,28,4,730,29098047.0,444,1767,10.0,0.0,0,0,0,,1
initial,original,"4,4,4,2",3,10,9280003,28,4,730,28901973.0,441,1779,10.0,0.0,0,0,0,,1
initial,original,"2,4,4,4",0,10,9280004,28,4,730,29294858.0,447,1783,10.0,0.0,0,0,0,,1
initial,original,"2,4,4,4",0,30,9280000,28,4,730,22282819.0,340,1381,30.0,0.0,0,0,0,,1
initial,original,"4,2,4,4",1,30,9280001,28,4,730,22020205.0,336,1348,30.0,0.0,0,0,0,,1
initial,original,"4,4,2,4",2,30,9280002,28,4,730,22085976.0,337,1359,30.0,0.0,0,0,0,,1
initial,original,"4,4,4,2",3,30,9280003,28,4,730,22414234.0,342,1370,30.0,0.0,0,0,0,,1
initial,original,"2,4,4,4",0,30,9280004,28,4,730,22348630.0,341,1373,30.0,0.0,0,0,0,,1
initial,original,"2,4,4,4",0,60,9280000,28,4,730,14157496.0,216,883,60.0,0.0,0,0,0,,1
initial,original,"4,2,4,4",1,60,9280001,28,4,730,13240042.0,202,816,60.0,0.0,0,0,0,,1
initial,original,"4,4,2,4",2,60,9280002,28,4,730,14681580.0,224,902,60.0,0.0,0,0,0,,1
initial,original,"4,4,4,2",3,60,9280003,28,4,730,14747625.0,225,900,60.0,0.0,0,0,0,,1
initial,original,"2,4,4,4",0,60,9280004,28,4,730,13763943.0,210,851,60.0,0.0,0,0,0,,1
initial,original,"2,3,3,3",0,90,9280000,28,4,730,2688471.0,41,146,90.0,0.0,0,0,0,,3
initial,original,"2,4,4,4",0,90,9280000,28,4,730,6294522.0,96,364,90.0,0.0,0,0,0,,1
initial,original,"4,2,4,4",1,90,9280001,28,4,730,4459677.0,68,286,90.0,0.0,0,0,0,,1
initial,original,"4,4,2,4",2,90,9280002,28,4,730,5115704.0,78,311,90.0,0.0,0,0,0,,1
initial,original,"4,4,4,2",3,90,9280003,28,4,730,6164282.0,94,363,90.0,0.0,0,0,0,,1
initial,original,"2,4,4,4",0,90,9280004,28,4,730,5966843.0,91,355,90.0,0.0,0,0,0,,1
initial,original,"2,6,6,6",0,0,9280000,28,4,730,31851140.0,486,1969,0.0,0.0,0,0,0,,1
initial,original,"6,2,6,6",1,0,9280001,28,4,730,32636928.0,498,1992,0.0,0.0,0,0,0,,1
initial,original,"6,6,2,6",2,0,9280002,28,4,730,32506321.0,496,1985,0.0,0.0,0,0,0,,1
initial,original,"6,6,6,2",3,0,9280003,28,4,730,32243795.0,492,1971,0.0,0.0,0,0,0,,1
initial,original,"2,6,6,6",0,0,9280004,28,4,730,32440320.0,495,1982,0.0,0.0,0,0,0,,1
initial,original,"2,6,6,6",0,10,9280000,28,4,730,28836307.0,440,1776,10.0,0.0,0,0,0,,1
initial,original,"6,2,6,6",1,10,9280001,28,4,730,29556794.0,451,1788,10.0,0.0,0,0,0,,1
initial,original,"6,6,2,6",2,10,9280002,28,4,730,28967488.0,442,1775,10.0,0.0,0,0,0,,1
initial,original,"6,6,6,2",3,10,9280003,28,4,730,29360352.0,448,1762,10.0,0.0,0,0,0,,1
initial,original,"2,6,6,6",0,10,9280004,28,4,730,28901376.0,441,1768,10.0,0.0,0,0,0,,0
initial,original,"2,6,6,6",0,30,9280000,28,4,730,22153243.0,338,1338,30.0,0.0,0,0,0,,1
initial,original,"6,2,6,6",1,30,9280001,28,4,730,22544962.0,344,1393,30.0,0.0,0,0,0,,1
initial,original,"6,6,2,6",2,30,9280002,28,4,730,22938591.0,350,1389,30.0,0.0,0,0,0,,1
initial,original,"6,6,6,2",3,30,9280003,28,4,730,22020615.0,336,1355,30.0,0.0,0,0,0,,1
initial,original,"2,6,6,6",0,30,9280004,28,4,730,22087810.0,337,1367,30.0,0.0,0,0,0,,1
initial,original,"2,6,6,6",0,60,9280000,28,4,730,12845993.0,196,790,60.0,0.0,0,0,0,,1
initial,original,"6,2,6,6",1,60,9280001,28,4,730,12649443.0,193,781,60.0,0.0,0,0,0,,1
initial,original,"6,6,2,6",2,60,9280002,28,4,730,13042396.0,199,768,60.0,0.0,0,0,0,,1
initial,original,"6,6,6,2",3,60,9280003,28,4,730,12846870.0,196,780,60.0,0.0,0,0,0,,1
initial,original,"2,6,6,6",0,60,9280004,28,4,730,12977326.0,198,783,60.0,0.0,0,0,0,,1
initial,original,"2,6,6,6",0,90,9280000,28,4,730,3409984.0,52,213,90.0,0.0,0,0,0,,1
initial,original,"6,2,6,6",1,90,9280001,28,4,730,3082953.0,47,195,90.0,0.0,0,0,0,,1
initial,original,"6,6,2,6",2,90,9280002,28,4,730,3278792.0,50,208,90.0,0.0,0,0,0,,1
initial,original,"6,6,6,2",3,90,9280003,28,4,730,3279664.0,50,193,90.0,0.0,0,0,0,,1
initial,original,"3,2,3,3",1,90,9280001,28,4,730,2885297.0,44,148,90.0,0.0,0,0,0,,1
initial,original,"2,7,7,7",0,0,9280000,28,4,730,32768582.0,500,2004,0.0,0.0,0,0,0,,1
initial,original,"7,2,7,7",1,0,9280001,28,4,730,32899269.0,502,2000,0.0,0.0,0,0,0,,1
initial,original,"7,7,2,7",2,0,9280002,28,4,730,32637048.0,498,1999,0.0,0.0,0,0,0,,1
initial,original,"2,6,6,6",0,90,9280004,28,4,730,3410063.0,52,203,90.0,0.0,0,0,0,,1
initial,original,"7,7,7,2",3,0,9280003,28,4,730,32505856.0,496,1984,0.0,0.0,0,0,0,,1
initial,original,"2,7,7,7",0,0,9280004,28,4,730,32112906.0,490,1962,0.0,0.0,0,0,0,,1
initial,original,"2,7,7,7",0,10,9280000,28,4,730,29294931.0,447,1789,10.0,0.0,0,0,0,,1
initial,original,"7,2,7,7",1,10,9280001,28,4,730,29557691.0,451,1802,10.0,0.0,0,0,0,,1
initial,original,"7,7,2,7",2,10,9280002,28,4,730,28640109.0,437,1784,10.0,0.0,0,0,0,,1
initial,original,"7,7,7,2",3,10,9280003,28,4,730,29360367.0,448,1778,10.0,0.0,0,0,0,,1
initial,original,"2,7,7,7",0,10,9280004,28,4,730,29556871.0,451,1785,10.0,0.0,0,0,0,,1
initial,original,"2,7,7,7",0,30,9280000,28,4,730,23396694.0,357,1422,30.0,0.0,0,0,0,,1
initial,original,"7,2,7,7",1,30,9280001,28,4,730,23265535.0,355,1418,30.0,0.0,0,0,0,,1
initial,original,"7,7,2,7",2,30,9280002,28,4,730,23200042.0,354,1416,30.0,0.0,0,0,0,,1
initial,original,"7,7,7,2",3,30,9280003,28,4,730,22479401.0,343,1411,30.0,0.0,0,0,0,,1
initial,original,"2,7,7,7",0,30,9280004,28,4,730,23331382.0,356,1409,30.0,0.0,0,0,0,,1
initial,original,"2,7,7,7",0,60,9280000,28,4,730,13173945.0,201,815,60.0,0.0,0,0,0,,1
initial,original,"7,2,7,7",1,60,9280001,28,4,730,13698056.0,209,834,60.0,0.0,0,0,0,,1
initial,original,"7,7,2,7",2,60,9280002,28,4,730,13370751.0,204,820,60.0,0.0,0,0,0,,1
initial,original,"7,7,7,2",3,60,9280003,28,4,730,13501154.0,206,826,60.0,0.0,0,0,0,,1
initial,original,"2,7,7,7",0,60,9280004,28,4,730,13698894.0,209,823,60.0,0.0,0,0,0,,1
initial,original,"2,7,7,7",0,90,9280000,28,4,730,3736562.0,57,235,90.0,0.0,0,0,0,,1
initial,original,"7,2,7,7",1,90,9280001,28,4,730,4129538.0,63,261,90.0,0.0,0,0,0,,1
initial,original,"7,7,2,7",2,90,9280002,28,4,730,4129386.0,63,238,90.0,0.0,0,0,0,,1
initial,original,"7,7,7,2",3,90,9280003,28,4,730,3736417.0,57,240,90.0,0.0,0,0,0,,1
initial,original,"2,8,8,8",0,0,9280000,28,4,730,32768582.0,500,2004,0.0,0.0,0,0,0,,1
initial,original,"2,7,7,7",0,90,9280004,28,4,730,3409929.0,52,229,90.0,0.0,0,0,0,,1
initial,original,"8,2,8,8",1,0,9280001,28,4,730,32899269.0,502,2000,0.0,0.0,0,0,0,,1
initial,original,"8,8,2,8",2,0,9280002,28,4,730,32637048.0,498,1999,0.0,0.0,0,0,0,,1
initial,original,"8,8,8,2",3,0,9280003,28,4,730,32505856.0,496,1984,0.0,0.0,0,0,0,,1
initial,original,"2,8,8,8",0,0,9280004,28,4,730,32112906.0,490,1962,0.0,0.0,0,0,0,,1
initial,original,"2,8,8,8",0,10,9280000,28,4,730,28901737.0,441,1778,10.0,0.0,0,0,0,,1
initial,original,"8,2,8,8",1,10,9280001,28,4,730,29491653.0,450,1799,10.0,0.0,0,0,0,,1
initial,original,"8,8,2,8",2,10,9280002,28,4,730,29032962.0,443,1774,10.0,0.0,0,0,0,,1
initial,original,"8,8,8,2",3,10,9280003,28,4,730,28770467.0,439,1761,10.0,0.0,0,0,0,,1
initial,original,"2,8,8,8",0,10,9280004,28,4,730,29491746.0,450,1786,10.0,0.0,0,0,0,,1
initial,original,"2,8,8,8",0,30,9280000,28,4,730,22479710.0,343,1357,30.0,0.0,0,0,0,,1
initial,original,"8,2,8,8",1,30,9280001,28,4,730,22545137.0,344,1372,30.0,0.0,0,0,0,,1
initial,original,"8,8,2,8",2,30,9280002,28,4,730,22217283.0,339,1360,30.0,0.0,0,0,0,,1
initial,original,"8,8,8,2",3,30,9280003,28,4,730,22479433.0,343,1362,30.0,0.0,0,0,0,,1
initial,original,"2,8,8,8",0,30,9280004,28,4,730,22348767.0,341,1369,30.0,0.0,0,0,0,,1
initial,original,"2,8,8,8",0,60,9280000,28,4,730,12321755.0,188,760,60.0,0.0,0,0,0,,1
initial,original,"8,2,8,8",1,60,9280001,28,4,730,12649966.0,193,778,60.0,0.0,0,0,0,,1
initial,original,"8,8,2,8",2,60,9280002,28,4,730,12911531.0,197,766,60.0,0.0,0,0,0,,1
initial,original,"8,8,8,2",3,60,9280003,28,4,730,12322445.0,188,761,60.0,0.0,0,0,0,,1
initial,original,"2,8,8,8",0,60,9280004,28,4,730,11864363.0,181,734,60.0,0.0,0,0,0,,1
initial,original,"2,8,8,8",0,90,9280000,28,4,730,2622784.0,40,147,90.0,0.0,0,0,0,,1
initial,original,"8,2,8,8",1,90,9280001,28,4,730,1836713.0,28,115,90.0,0.0,0,0,0,,1
initial,original,"8,8,2,8",2,90,9280002,28,4,730,1967909.0,30,140,90.0,0.0,0,0,0,,1
initial,original,"2,9,9,9",0,0,9280000,28,4,730,32440320.0,495,1977,0.0,0.0,0,0,0,,1
initial,original,"8,8,8,2",3,90,9280003,28,4,730,2165572.0,33,121,90.0,0.0,0,0,0,,2
initial,original,"9,2,9,9",1,0,9280001,28,4,730,31850916.0,486,1946,0.0,0.0,0,0,0,,1
initial,original,"9,9,2,9",2,0,9280002,28,4,730,32505856.0,496,1974,0.0,0.0,0,0,0,,1
initial,original,"2,8,8,8",0,90,9280004,28,4,730,2101002.0,32,125,90.0,0.0,0,0,0,,2
initial,original,"9,9,9,2",3,0,9280003,28,4,730,32309633.0,493,1986,0.0,0.0,0,0,0,,1
initial,original,"2,9,9,9",0,0,9280004,28,4,730,32571446.0,497,1969,0.0,0.0,0,0,0,,1
initial,original,"2,9,9,9",0,10,9280000,28,4,730,31261190.0,477,1914,10.0,0.0,0,0,0,,1
initial,original,"9,2,9,9",1,10,9280001,28,4,730,31588824.0,482,1918,10.0,0.0,0,0,0,,1
initial,original,"9,9,2,9",2,10,9280002,28,4,730,31195699.0,476,1904,10.0,0.0,0,0,0,,1
initial,original,"9,9,9,2",3,10,9280003,28,4,730,31260934.0,477,1907,10.0,0.0,0,0,0,,1
initial,original,"2,9,9,9",0,10,9280004,28,4,730,32243991.0,492,1969,10.0,0.0,0,0,0,,1
initial,original,"3,3,2,3",2,90,9280002,28,4,730,2558407.0,39,140,90.0,0.0,0,0,0,,1
initial,original,"2,9,9,9",0,30,9280000,28,4,730,26084698.0,398,1592,30.0,0.0,0,0,0,,1
initial,original,"9,2,9,9",1,30,9280001,28,4,730,26476739.0,404,1641,30.0,0.0,0,0,0,,1
initial,original,"9,9,2,9",2,30,9280002,28,4,730,27132271.0,414,1647,30.0,0.0,0,0,0,,1
initial,original,"9,9,9,2",3,30,9280003,28,4,730,27132462.0,414,1637,30.0,0.0,0,0,0,,1
initial,original,"2,9,9,9",0,30,9280004,28,4,730,27525208.0,420,1704,30.0,0.0,0,0,0,,1
initial,original,"2,9,9,9",0,60,9280000,28,4,730,17761668.0,271,1092,60.0,0.0,0,0,0,,0
initial,original,"9,2,9,9",1,60,9280001,28,4,730,18088371.0,276,1080,60.0,0.0,0,0,0,,1
initial,original,"9,9,2,9",2,60,9280002,28,4,730,18810862.0,287,1145,60.0,0.0,0,0,0,,1
initial,original,"9,9,9,2",3,60,9280003,28,4,730,17302110.0,264,1073,60.0,0.0,0,0,0,,0
initial,original,"2,9,9,9",0,60,9280004,28,4,730,18481794.0,282,1144,60.0,0.0,0,0,0,,1
initial,original,"2,9,9,9",0,90,9280000,28,4,730,8980912.0,137,541,90.0,0.0,0,0,0,,1
initial,original,"9,2,9,9",1,90,9280001,28,4,730,9372119.0,143,590,90.0,0.0,0,0,0,,1
initial,original,"9,9,2,9",2,90,9280002,28,4,730,11208150.0,171,658,90.0,0.0,0,0,0,,1
initial,original,"2,10,10,10",0,0,9280000,28,4,730,32768582.0,500,2004,0.0,0.0,0,0,0,,1
initial,original,"10,2,10,10",1,0,9280001,28,4,730,32899269.0,502,2000,0.0,0.0,0,0,0,,1
initial,original,"9,9,9,2",3,90,9280003,28,4,730,9176577.0,140,561,90.0,0.0,0,0,0,,1
initial,original,"2,9,9,9",0,90,9280004,28,4,730,9635838.0,147,592,90.0,0.0,0,0,0,,1
initial,original,"10,10,2,10",2,0,9280002,28,4,730,32637048.0,498,1999,0.0,0.0,0,0,0,,1
initial,original,"10,10,10,2",3,0,9280003,28,4,730,32505856.0,496,1984,0.0,0.0,0,0,0,,1
initial,original,"2,10,10,10",0,0,9280004,28,4,730,32112906.0,490,1962,0.0,0.0,0,0,0,,1
initial,original,"2,10,10,10",0,10,9280000,28,4,730,28901737.0,441,1778,10.0,0.0,0,0,0,,1
initial,original,"10,2,10,10",1,10,9280001,28,4,730,29491653.0,450,1799,10.0,0.0,0,0,0,,1
initial,original,"10,10,2,10",2,10,9280002,28,4,730,29032962.0,443,1774,10.0,0.0,0,0,0,,1
initial,original,"10,10,10,2",3,10,9280003,28,4,730,28770467.0,439,1761,10.0,0.0,0,0,0,,1
initial,original,"2,10,10,10",0,10,9280004,28,4,730,29491746.0,450,1786,10.0,0.0,0,0,0,,1
initial,original,"2,10,10,10",0,30,9280000,28,4,730,22152660.0,338,1340,30.0,0.0,0,0,0,,1
initial,original,"10,2,10,10",1,30,9280001,28,4,730,22544885.0,344,1380,30.0,0.0,0,0,0,,1
initial,original,"10,10,2,10",2,30,9280002,28,4,730,22217295.0,339,1360,30.0,0.0,0,0,0,,1
initial,original,"10,10,10,2",3,30,9280003,28,4,730,22479433.0,343,1362,30.0,0.0,0,0,0,,1
initial,original,"2,10,10,10",0,30,9280004,28,4,730,22348835.0,341,1367,30.0,0.0,0,0,0,,1
initial,original,"2,10,10,10",0,60,9280000,28,4,730,12322523.0,188,744,60.0,0.0,0,0,0,,1
initial,original,"10,2,10,10",1,60,9280001,28,4,730,12714800.0,194,766,60.0,0.0,0,0,0,,1
initial,original,"3,3,3,2",3,90,9280003,28,4,730,2427519.0,37,142,90.0,0.0,0,0,0,,1
initial,original,"10,10,2,10",2,60,9280002,28,4,730,12911531.0,197,766,60.0,0.0,0,0,0,,1
initial,original,"10,10,10,2",3,60,9280003,28,4,730,12584502.0,192,752,60.0,0.0,0,0,0,,1
initial,original,"2,10,10,10",0,60,9280004,28,4,730,11995610.0,183,733,60.0,0.0,0,0,0,,1
initial,original,"2,10,10,10",0,90,9280000,28,4,730,1968182.0,30,116,90.0,0.0,0,0,0,,1
initial,original,"10,2,10,10",1,90,9280001,28,4,730,2230561.0,34,147,90.0,0.0,0,0,0,,1
initial,original,"10,10,2,10",2,90,9280002,28,4,730,2098643.0,32,132,90.0,0.0,0,0,0,,1
original_tuned,original,"2,1,1,1",0,0,9280000,28,4,730,32309431.0,493,1981,0.0,0.0,0,0,0,,1
original_tuned,original,"1,2,1,1",1,0,9280001,28,4,730,32374847.0,494,1979,0.0,0.0,0,0,0,,1
initial,original,"10,10,10,2",3,90,9280003,28,4,730,2623313.0,40,149,90.0,0.0,0,0,0,,1
original_tuned,original,"1,1,2,1",2,0,9280002,28,4,730,32440391.0,495,1971,0.0,0.0,0,0,0,,1
original_tuned,original,"1,1,1,2",3,0,9280003,28,4,730,31916032.0,487,1955,0.0,0.0,0,0,0,,1
initial,original,"2,10,10,10",0,90,9280004,28,4,730,2493901.0,38,136,90.0,0.0,0,0,0,,1
original_tuned,original,"2,1,1,1",0,0,9280004,28,4,730,32505856.0,496,1983,0.0,0.0,0,0,0,,1
original_tuned,original,"2,1,1,1",0,10,9280000,28,4,730,29098350.0,444,1778,10.0,0.0,0,0,0,,1
original_tuned,original,"1,2,1,1",1,10,9280001,28,4,730,28966912.0,442,1761,10.0,0.0,0,0,0,,1
original_tuned,original,"1,1,2,1",2,10,9280002,28,4,730,28639648.0,437,1757,10.0,0.0,0,0,0,,1
original_tuned,original,"1,1,1,2",3,10,9280003,28,4,730,28901618.0,441,1750,10.0,0.0,0,0,0,,1
original_tuned,original,"2,1,1,1",0,10,9280004,28,4,730,29163646.0,445,1771,10.0,0.0,0,0,0,,1
original_tuned,original,"2,1,1,1",0,30,9280000,28,4,730,22938055.0,350,1393,30.0,0.0,0,0,0,,1
original_tuned,original,"1,2,1,1",1,30,9280001,28,4,730,22545272.0,344,1379,30.0,0.0,0,0,0,,1
original_tuned,original,"1,1,2,1",2,30,9280002,28,4,730,22872635.0,349,1376,30.0,0.0,0,0,0,,1
original_tuned,original,"1,1,1,2",3,30,9280003,28,4,730,22348467.0,341,1357,30.0,0.0,0,0,0,,1
original_tuned,original,"2,1,1,1",0,30,9280004,28,4,730,22020682.0,336,1360,30.0,0.0,0,0,0,,1
original_tuned,original,"2,1,1,1",0,60,9280000,28,4,730,12583755.0,192,762,60.0,0.0,0,0,0,,1
original_tuned,original,"1,2,1,1",1,60,9280001,28,4,730,12452829.0,190,767,60.0,0.0,0,0,0,,1
original_tuned,original,"1,1,2,1",2,60,9280002,28,4,730,12781199.0,195,771,60.0,0.0,0,0,0,,1
original_tuned,original,"1,1,1,2",3,60,9280003,28,4,730,12190722.0,186,741,60.0,0.0,0,0,0,,1
original_tuned,original,"2,1,1,1",0,60,9280004,28,4,730,12257277.0,187,734,60.0,0.0,0,0,0,,1
original_tuned,original,"2,1,1,1",0,90,9280000,28,4,730,2491997.0,38,150,90.0,0.0,0,0,0,,1
original_tuned,original,"1,2,1,1",1,90,9280001,28,4,730,2427109.0,37,152,90.0,0.0,0,0,0,,1
original_tuned,original,"1,1,2,1",2,90,9280002,28,4,730,2820014.0,43,172,90.0,0.0,0,0,0,,1
original_tuned,original,"1,1,1,2",3,90,9280003,28,4,730,2427376.0,37,138,90.0,0.0,0,0,0,,1
original_tuned,original,"2,1,1,1",0,90,9280004,28,4,730,2493751.0,38,145,90.0,0.0,0,0,0,,1
initial,original,"2,3,3,3",0,90,9280004,28,4,730,2231575.0,34,134,90.0,0.0,0,0,0,,1
original_tuned,original,"3,3,3,2",3,0,9280003,28,4,730,32178239.0,491,1978,0.0,0.0,0,0,0,,1
original_tuned,original,"2,3,3,3",0,0,9280004,28,4,730,31850622.0,486,1956,0.0,0.0,0,0,0,,1
original_tuned,original,"3,2,3,3",1,0,9280001,28,4,730,32047167.0,489,1961,0.0,0.0,0,0,0,,1
original_tuned,original,"3,3,2,3",2,0,9280002,28,4,730,31981631.0,488,1954,0.0,0.0,0,0,0,,1
original_tuned,original,"2,3,3,3",0,0,9280000,28,4,730,31588478.0,482,1938,0.0,0.0,0,0,0,,1
original_tuned,original,"2,3,3,3",0,10,9280000,28,4,730,28442687.0,434,1755,10.0,0.0,0,0,0,,1
original_tuned,original,"2,3,3,3",0,10,9280004,28,4,730,29098328.0,444,1775,10.0,0.0,0,0,0,,1
original_tuned,original,"3,3,2,3",2,10,9280002,28,4,730,28705006.0,438,1759,10.0,0.0,0,0,0,,1
original_tuned,original,"3,2,3,3",1,10,9280001,28,4,730,28770430.0,439,1756,10.0,0.0,0,0,0,,1
original_tuned,original,"3,3,3,2",3,10,9280003,28,4,730,29163520.0,445,1754,10.0,0.0,0,0,0,,1
original_tuned,original,"2,3,3,3",0,30,9280000,28,4,730,22610371.0,345,1367,30.0,0.0,0,0,0,,1
original_tuned,original,"3,2,3,3",1,30,9280001,28,4,730,22217748.0,339,1358,30.0,0.0,0,0,0,,1
original_tuned,original,"2,3,3,3",0,30,9280004,28,4,730,21889626.0,334,1366,30.0,0.0,0,0,0,,1
original_tuned,original,"3,3,2,3",2,30,9280002,28,4,730,22216877.0,339,1358,30.0,0.0,0,0,0,,0
original_tuned,original,"3,3,3,2",3,30,9280003,28,4,730,21889468.0,334,1347,30.0,0.0,0,0,0,,1
original_tuned,original,"2,3,3,3",0,60,9280000,28,4,730,11928302.0,182,730,60.0,0.0,0,0,0,,0
original_tuned,original,"3,2,3,3",1,60,9280001,28,4,730,12387635.0,189,759,60.0,0.0,0,0,0,,1
original_tuned,original,"3,3,2,3",2,60,9280002,28,4,730,12191197.0,186,741,60.0,0.0,0,0,0,,1
original_tuned,original,"2,3,3,3",0,60,9280004,28,4,730,12321946.0,188,759,60.0,0.0,0,0,0,,1
original_tuned,original,"3,3,3,2",3,60,9280003,28,4,730,11798021.0,180,719,60.0,0.0,0,0,0,,1
original_tuned,original,"2,4,4,4",0,0,9280000,28,4,730,32243712.0,492,1963,0.0,0.0,0,0,0,,1
original_tuned,original,"4,2,4,4",1,0,9280001,28,4,730,32047230.0,489,1962,0.0,0.0,0,0,0,,1
original_tuned,original,"4,4,2,4",2,0,9280002,28,4,730,32571455.0,497,1992,0.0,0.0,0,0,0,,1
original_tuned,original,"4,4,4,2",3,0,9280003,28,4,730,32834143.0,501,2002,0.0,0.0,0,0,0,,1
original_tuned,original,"2,4,4,4",0,0,9280004,28,4,730,32833692.0,501,1981,0.0,0.0,0,0,0,,1
original_tuned,original,"2,4,4,4",0,10,9280000,28,4,730,28704831.0,438,1759,10.0,0.0,0,0,0,,1
original_tuned,original,"4,2,4,4",1,10,9280001,28,4,730,28835896.0,440,1756,10.0,0.0,0,0,0,,1
original_tuned,original,"4,4,2,4",2,10,9280002,28,4,730,29360482.0,448,1792,10.0,0.0,0,0,0,,1
original_tuned,original,"4,4,4,2",3,10,9280003,28,4,730,28902405.0,441,1779,10.0,0.0,0,0,0,,1
original_tuned,original,"2,4,4,4",0,10,9280004,28,4,730,29426567.0,449,1787,10.0,0.0,0,0,0,,1
original_tuned,original,"2,4,4,4",0,30,9280000,28,4,730,22349242.0,341,1363,30.0,0.0,0,0,0,,1
original_tuned,original,"4,2,4,4",1,30,9280001,28,4,730,22216851.0,339,1351,30.0,0.0,0,0,0,,1
original_tuned,original,"4,4,2,4",2,30,9280002,28,4,730,22020798.0,336,1353,30.0,0.0,0,0,0,,1
original_tuned,original,"4,4,4,2",3,30,9280003,28,4,730,22151325.0,338,1353,30.0,0.0,0,0,0,,1
original_tuned,original,"2,4,4,4",0,30,9280004,28,4,730,22479696.0,343,1361,30.0,0.0,0,0,0,,1
original_tuned,original,"2,4,4,4",0,60,9280000,28,4,730,13568762.0,207,861,60.0,0.0,0,0,0,,1
original_tuned,original,"4,2,4,4",1,60,9280001,28,4,730,13699783.0,209,838,60.0,0.0,0,0,0,,1
original_tuned,original,"2,3,3,3",0,90,9280000,28,4,730,2557571.0,39,136,90.0,0.0,0,0,0,,1
original_tuned,original,"4,4,2,4",2,60,9280002,28,4,730,13240619.0,202,825,60.0,0.0,0,0,0,,1
original_tuned,original,"4,4,4,2",3,60,9280003,28,4,730,13764868.0,210,825,60.0,0.0,0,0,0,,1
original_tuned,original,"2,4,4,4",0,60,9280004,28,4,730,14223457.0,217,870,60.0,0.0,0,0,0,,1
original_tuned,original,"2,4,4,4",0,90,9280000,28,4,730,6425201.0,98,379,90.0,0.0,0,0,0,,1
original_tuned,original,"4,2,4,4",1,90,9280001,28,4,730,6097233.0,93,382,90.0,0.0,0,0,0,,1
original_tuned,original,"4,4,2,4",2,90,9280002,28,4,730,6032440.0,92,365,90.0,0.0,0,0,0,,1
original_tuned,original,"4,4,4,2",3,90,9280003,28,4,730,5050976.0,77,304,90.0,0.0,0,0,0,,1
original_tuned,original,"2,4,4,4",0,90,9280004,28,4,730,5900301.0,90,375,90.0,0.0,0,0,0,,1
original_tuned,original,"2,6,6,6",0,0,9280000,28,4,730,32505856.0,496,1979,0.0,0.0,0,0,0,,1
original_tuned,original,"6,6,2,6",2,0,9280002,28,4,730,32637812.0,498,1995,0.0,0.0,0,0,0,,1
original_tuned,original,"6,2,6,6",1,0,9280001,28,4,730,32112640.0,490,1977,0.0,0.0,0,0,0,,1
original_tuned,original,"6,6,6,2",3,0,9280003,28,4,730,31981568.0,488,1957,0.0,0.0,0,0,0,,0
original_tuned,original,"2,6,6,6",0,0,9280004,28,4,730,32374784.0,494,1960,0.0,0.0,0,0,0,,1
original_tuned,original,"2,6,6,6",0,10,9280000,28,4,730,29032448.0,443,1771,10.0,0.0,0,0,0,,1
original_tuned,original,"6,2,6,6",1,10,9280001,28,4,730,28573822.0,436,1766,10.0,0.0,0,0,0,,1
original_tuned,original,"6,6,2,6",2,10,9280002,28,4,730,29360617.0,448,1794,10.0,0.0,0,0,0,,1
original_tuned,original,"6,6,6,2",3,10,9280003,28,4,730,28770367.0,439,1771,10.0,0.0,0,0,0,,1
original_tuned,original,"2,6,6,6",0,10,9280004,28,4,730,28639242.0,437,1765,10.0,0.0,0,0,0,,1
original_tuned,original,"2,6,6,6",0,30,9280000,28,4,730,22478957.0,343,1386,30.0,0.0,0,0,0,,1
original_tuned,original,"6,2,6,6",1,30,9280001,28,4,730,22283570.0,340,1374,30.0,0.0,0,0,0,,1
original_tuned,original,"6,6,2,6",2,30,9280002,28,4,730,22676285.0,346,1363,30.0,0.0,0,0,0,,1
original_tuned,original,"6,6,6,2",3,30,9280003,28,4,730,22610294.0,345,1387,30.0,0.0,0,0,0,,1
original_tuned,original,"2,6,6,6",0,30,9280004,28,4,730,21626934.0,330,1342,30.0,0.0,0,0,0,,1
original_tuned,original,"2,6,6,6",0,60,9280000,28,4,730,12387523.0,189,755,60.0,0.0,0,0,0,,1
original_tuned,original,"6,2,6,6",1,60,9280001,28,4,730,12650631.0,193,764,60.0,0.0,0,0,0,,1
original_tuned,original,"6,6,2,6",2,60,9280002,28,4,730,12585883.0,192,770,60.0,0.0,0,0,0,,1
original_tuned,original,"6,6,6,2",3,60,9280003,28,4,730,12191227.0,186,760,60.0,0.0,0,0,0,,1
original_tuned,original,"2,6,6,6",0,60,9280004,28,4,730,12912096.0,197,783,60.0,0.0,0,0,0,,1
original_tuned,original,"2,6,6,6",0,90,9280000,28,4,730,2821383.0,43,184,90.0,0.0,0,0,0,,1
original_tuned,original,"6,2,6,6",1,90,9280001,28,4,730,2821183.0,43,199,90.0,0.0,0,0,0,,1
original_tuned,original,"6,6,2,6",2,90,9280002,28,4,730,3539868.0,54,203,90.0,0.0,0,0,0,,1
original_tuned,original,"6,6,6,2",3,90,9280003,28,4,730,3279253.0,50,179,90.0,0.0,0,0,0,,1
original_tuned,original,"2,7,7,7",0,0,9280000,28,4,730,32112703.0,490,1962,0.0,0.0,0,0,0,,1
original_tuned,original,"7,2,7,7",1,0,9280001,28,4,730,32440320.0,495,1976,0.0,0.0,0,0,0,,1
original_tuned,original,"2,6,6,6",0,90,9280004,28,4,730,3213099.0,49,180,90.0,0.0,0,0,0,,1
original_tuned,original,"7,7,2,7",2,0,9280002,28,4,730,32505856.0,496,1985,0.0,0.0,0,0,0,,1
original_tuned,original,"7,7,7,2",3,0,9280003,28,4,730,32243775.0,492,1970,0.0,0.0,0,0,0,,1
original_tuned,original,"2,7,7,7",0,0,9280004,28,4,730,31981568.0,488,1955,0.0,0.0,0,0,0,,0
original_tuned,original,"2,7,7,7",0,10,9280000,28,4,730,28835967.0,440,1779,10.0,0.0,0,0,0,,1
original_tuned,original,"7,2,7,7",1,10,9280001,28,4,730,29294764.0,447,1779,10.0,0.0,0,0,0,,1
original_tuned,original,"3,2,3,3",1,90,9280001,28,4,730,2492487.0,38,144,90.0,0.0,0,0,0,,1
original_tuned,original,"7,7,2,7",2,10,9280002,28,4,730,29425787.0,449,1784,10.0,0.0,0,0,0,,1
original_tuned,original,"7,7,7,2",3,10,9280003,28,4,730,30212096.0,461,1799,10.0,0.0,0,0,0,,1
original_tuned,original,"2,7,7,7",0,10,9280004,28,4,730,29687934.0,453,1772,10.0,0.0,0,0,0,,1
original_tuned,original,"2,7,7,7",0,30,9280000,28,4,730,22937713.0,350,1401,30.0,0.0,0,0,0,,1
original_tuned,original,"7,2,7,7",1,30,9280001,28,4,730,23265619.0,355,1407,30.0,0.0,0,0,0,,1
original_tuned,original,"7,7,2,7",2,30,9280002,28,4,730,22741737.0,347,1413,30.0,0.0,0,0,0,,1
original_tuned,original,"2,7,7,7",0,30,9280004,28,4,730,23003700.0,351,1402,30.0,0.0,0,0,0,,1
original_tuned,original,"7,7,7,2",3,30,9280003,28,4,730,22610046.0,345,1385,30.0,0.0,0,0,0,,0
original_tuned,original,"2,7,7,7",0,60,9280000,28,4,730,13107829.0,200,824,60.0,0.0,0,0,0,,1
original_tuned,original,"7,7,2,7",2,60,9280002,28,4,730,13697744.0,209,831,60.0,0.0,0,0,0,,1
original_tuned,original,"7,2,7,7",1,60,9280001,28,4,730,13239265.0,202,806,60.0,0.0,0,0,0,,1
original_tuned,original,"7,7,7,2",3,60,9280003,28,4,730,13631657.0,208,822,60.0,0.0,0,0,0,,1
original_tuned,original,"2,7,7,7",0,60,9280004,28,4,730,13109915.0,200,811,60.0,0.0,0,0,0,,1
original_tuned,original,"2,7,7,7",0,90,9280000,28,4,730,3670087.0,56,236,90.0,0.0,0,0,0,,1
original_tuned,original,"7,2,7,7",1,90,9280001,28,4,730,4064805.0,62,253,90.0,0.0,0,0,0,,1
original_tuned,original,"7,7,2,7",2,90,9280002,28,4,730,3670805.0,56,234,90.0,0.0,0,0,0,,1
original_tuned,original,"7,7,7,2",3,90,9280003,28,4,730,4128948.0,63,240,90.0,0.0,0,0,0,,1
original_tuned,original,"2,7,7,7",0,90,9280004,28,4,730,3474951.0,53,237,90.0,0.0,0,0,0,,1
original_tuned,original,"2,8,8,8",0,0,9280000,28,4,730,32112703.0,490,1962,0.0,0.0,0,0,0,,1
original_tuned,original,"8,2,8,8",1,0,9280001,28,4,730,31981798.0,488,1959,0.0,0.0,0,0,0,,1
original_tuned,original,"8,8,2,8",2,0,9280002,28,4,730,32505856.0,496,1985,0.0,0.0,0,0,0,,1
original_tuned,original,"8,8,8,2",3,0,9280003,28,4,730,32243775.0,492,1970,0.0,0.0,0,0,0,,1
original_tuned,original,"2,8,8,8",0,0,9280004,28,4,730,31981568.0,488,1955,0.0,0.0,0,0,0,,0
original_tuned,original,"2,8,8,8",0,10,9280000,28,4,730,28901500.0,441,1768,10.0,0.0,0,0,0,,1
original_tuned,original,"8,2,8,8",1,10,9280001,28,4,730,28770392.0,439,1768,10.0,0.0,0,0,0,,1
original_tuned,original,"8,8,2,8",2,10,9280002,28,4,730,29163520.0,445,1754,10.0,0.0,0,0,0,,0
original_tuned,original,"8,8,8,2",3,10,9280003,28,4,730,28704821.0,438,1746,10.0,0.0,0,0,0,,1
original_tuned,original,"2,8,8,8",0,10,9280004,28,4,730,29425664.0,449,1772,10.0,0.0,0,0,0,,1
original_tuned,original,"2,8,8,8",0,30,9280000,28,4,730,22086153.0,337,1347,30.0,0.0,0,0,0,,1
original_tuned,original,"8,2,8,8",1,30,9280001,28,4,730,22086442.0,337,1340,30.0,0.0,0,0,0,,1
original_tuned,original,"8,8,2,8",2,30,9280002,28,4,730,22807564.0,348,1385,30.0,0.0,0,0,0,,1
original_tuned,original,"8,8,8,2",3,30,9280003,28,4,730,22021303.0,336,1339,30.0,0.0,0,0,0,,1
original_tuned,original,"2,8,8,8",0,30,9280004,28,4,730,22479199.0,343,1375,30.0,0.0,0,0,0,,1
original_tuned,original,"2,8,8,8",0,60,9280000,28,4,730,12321710.0,188,738,60.0,0.0,0,0,0,,1
original_tuned,original,"8,2,8,8",1,60,9280001,28,4,730,12190707.0,186,738,60.0,0.0,0,0,0,,1
original_tuned,original,"8,8,2,8",2,60,9280002,28,4,730,12976982.0,198,778,60.0,0.0,0,0,0,,1
original_tuned,original,"8,8,8,2",3,60,9280003,28,4,730,11994532.0,183,724,60.0,0.0,0,0,0,,1
original_tuned,original,"2,8,8,8",0,60,9280004,28,4,730,12583889.0,192,768,60.0,0.0,0,0,0,,1
original_tuned,original,"2,8,8,8",0,90,9280000,28,4,730,2361306.0,36,144,90.0,0.0,0,0,0,,1
original_tuned,original,"8,2,8,8",1,90,9280001,28,4,730,2033473.0,31,115,90.0,0.0,0,0,0,,1
original_tuned,original,"8,8,2,8",2,90,9280002,28,4,730,2950995.0,45,168,90.0,0.0,0,0,0,,1
original_tuned,original,"2,9,9,9",0,0,9280000,28,4,730,32112703.0,490,1962,0.0,0.0,0,0,0,,1
original_tuned,original,"8,8,8,2",3,90,9280003,28,4,730,1771627.0,27,119,90.0,0.0,0,0,0,,1
original_tuned,original,"9,2,9,9",1,0,9280001,28,4,730,31981631.0,488,1950,0.0,0.0,0,0,0,,1
original_tuned,original,"2,8,8,8",0,90,9280004,28,4,730,2557607.0,39,162,90.0,0.0,0,0,0,,1
original_tuned,original,"9,9,2,9",2,0,9280002,28,4,730,32571553.0,497,1977,0.0,0.0,0,0,0,,1
original_tuned,original,"9,9,9,2",3,0,9280003,28,4,730,32309645.0,493,1979,0.0,0.0,0,0,0,,1
original_tuned,original,"2,9,9,9",0,0,9280004,28,4,730,32244112.0,492,1975,0.0,0.0,0,0,0,,1
original_tuned,original,"9,2,9,9",1,10,9280001,28,4,730,32178345.0,491,1959,10.0,0.0,0,0,0,,1
original_tuned,original,"2,9,9,9",0,10,9280000,28,4,730,31523197.0,481,1919,10.0,0.0,0,0,0,,1
original_tuned,original,"9,9,2,9",2,10,9280002,28,4,730,31785489.0,485,1938,10.0,0.0,0,0,0,,1
original_tuned,original,"2,9,9,9",0,10,9280004,28,4,730,31916394.0,487,1939,10.0,0.0,0,0,0,,1
original_tuned,original,"9,9,9,2",3,10,9280003,28,4,730,31916590.0,487,1944,10.0,0.0,0,0,0,,1
original_tuned,original,"2,9,9,9",0,30,9280000,28,4,730,27328900.0,417,1662,30.0,0.0,0,0,0,,1
original_tuned,original,"9,9,2,9",2,30,9280002,28,4,730,27919040.0,426,1724,30.0,0.0,0,0,0,,1
original_tuned,original,"9,2,9,9",1,30,9280001,28,4,730,27657123.0,422,1683,30.0,0.0,0,0,0,,1
original_tuned,original,"3,3,2,3",2,90,9280002,28,4,730,2427058.0,37,144,90.0,0.0,0,0,0,,2
original_tuned,original,"9,9,9,2",3,30,9280003,28,4,730,26935799.0,411,1639,30.0,0.0,0,0,0,,1
original_tuned,original,"2,9,9,9",0,30,9280004,28,4,730,27525494.0,420,1685,30.0,0.0,0,0,0,,1
original_tuned,original,"9,2,9,9",1,60,9280001,28,4,730,17827612.0,272,1082,60.0,0.0,0,0,0,,1
original_tuned,original,"2,9,9,9",0,60,9280000,28,4,730,17564422.0,268,1087,60.0,0.0,0,0,0,,1
original_tuned,original,"9,9,2,9",2,60,9280002,28,4,730,18482299.0,282,1134,60.0,0.0,0,0,0,,1
original_tuned,original,"9,9,9,2",3,60,9280003,28,4,730,18941920.0,289,1152,60.0,0.0,0,0,0,,1
original_tuned,original,"2,9,9,9",0,60,9280004,28,4,730,17695424.0,270,1107,60.0,0.0,0,0,0,,1
original_tuned,original,"2,9,9,9",0,90,9280000,28,4,730,9896924.0,151,607,90.0,0.0,0,0,0,,1
original_tuned,original,"9,2,9,9",1,90,9280001,28,4,730,10027678.0,153,613,90.0,0.0,0,0,0,,1
original_tuned,original,"9,9,2,9",2,90,9280002,28,4,730,9177044.0,140,583,90.0,0.0,0,0,0,,1
original_tuned,original,"9,9,9,2",3,90,9280003,28,4,730,9373799.0,143,560,90.0,0.0,0,0,0,,1
original_tuned,original,"2,10,10,10",0,0,9280000,28,4,730,32112703.0,490,1962,0.0,0.0,0,0,0,,1
original_tuned,original,"10,2,10,10",1,0,9280001,28,4,730,32440320.0,495,1976,0.0,0.0,0,0,0,,1
original_tuned,original,"2,9,9,9",0,90,9280004,28,4,730,9503867.0,145,596,90.0,0.0,0,0,0,,1
original_tuned,original,"10,10,2,10",2,0,9280002,28,4,730,32505856.0,496,1985,0.0,0.0,0,0,0,,1
original_tuned,original,"10,10,10,2",3,0,9280003,28,4,730,32243775.0,492,1970,0.0,0.0,0,0,0,,1
original_tuned,original,"2,10,10,10",0,0,9280004,28,4,730,31981568.0,488,1955,0.0,0.0,0,0,0,,0
original_tuned,original,"2,10,10,10",0,10,9280000,28,4,730,28967097.0,442,1772,10.0,0.0,0,0,0,,1
original_tuned,original,"10,2,10,10",1,10,9280001,28,4,730,29098099.0,444,1779,10.0,0.0,0,0,0,,1
original_tuned,original,"10,10,2,10",2,10,9280002,28,4,730,29163520.0,445,1754,10.0,0.0,0,0,0,,0
original_tuned,original,"10,10,10,2",3,10,9280003,28,4,730,28704821.0,438,1746,10.0,0.0,0,0,0,,1
original_tuned,original,"2,10,10,10",0,10,9280004,28,4,730,29425664.0,449,1772,10.0,0.0,0,0,0,,1
original_tuned,original,"2,10,10,10",0,30,9280000,28,4,730,22413793.0,342,1367,30.0,0.0,0,0,0,,1
original_tuned,original,"10,2,10,10",1,30,9280001,28,4,730,22807359.0,348,1365,30.0,0.0,0,0,0,,1
original_tuned,original,"10,10,2,10",2,30,9280002,28,4,730,22676228.0,346,1359,30.0,0.0,0,0,0,,1
original_tuned,original,"10,10,10,2",3,30,9280003,28,4,730,22021303.0,336,1339,30.0,0.0,0,0,0,,1
original_tuned,original,"2,10,10,10",0,30,9280004,28,4,730,22479199.0,343,1375,30.0,0.0,0,0,0,,1
original_tuned,original,"2,10,10,10",0,60,9280000,28,4,730,12125284.0,185,745,60.0,0.0,0,0,0,,1
original_tuned,original,"10,2,10,10",1,60,9280001,28,4,730,12518529.0,191,770,60.0,0.0,0,0,0,,1
original_tuned,original,"10,10,2,10",2,60,9280002,28,4,730,12453925.0,190,748,60.0,0.0,0,0,0,,1
original_tuned,original,"10,10,10,2",3,60,9280003,28,4,730,12256573.0,187,747,60.0,0.0,0,0,0,,1
original_tuned,original,"2,10,10,10",0,60,9280004,28,4,730,12454314.0,190,772,60.0,0.0,0,0,0,,1
original_tuned,original,"10,2,10,10",1,90,9280001,28,4,730,2360895.0,36,134,90.0,0.0,0,0,0,,1
original_tuned,original,"2,10,10,10",0,90,9280000,28,4,730,1902172.0,29,114,90.0,0.0,0,0,0,,1
original_tuned,original,"10,10,2,10",2,90,9280002,28,4,730,2361823.0,36,129,90.0,0.0,0,0,0,,1
original_tuned,original,"10,10,10,2",3,90,9280003,28,4,730,2362169.0,36,133,90.0,0.0,0,0,0,,1
original_tuned,original,"2,10,10,10",0,90,9280004,28,4,730,2950497.0,45,150,90.0,0.0,0,0,0,,1
original_tuned,original,"3,3,3,2",3,90,9280003,28,4,730,2165549.0,33,134,90.0,0.0,0,0,0,,1
original_tuned,original,"2,3,3,3",0,90,9280004,28,4,730,2427366.0,37,144,90.0,0.0,0,0,0,,2
fixed_tuned,fixed,"2,1,1,1",0,0,9280000,28,4,730,32309431.0,493,1981,0.0,0.0,0,0,0,,1
fixed_tuned,fixed,"1,2,1,1",1,0,9280001,28,4,730,32374847.0,494,1979,0.0,0.0,0,0,0,,1
fixed_tuned,fixed,"1,1,2,1",2,0,9280002,28,4,730,32440391.0,495,1971,0.0,0.0,0,0,0,,1
fixed_tuned,fixed,"1,1,1,2",3,0,9280003,28,4,730,31916032.0,487,1955,0.0,0.0,0,0,0,,1
fixed_tuned,fixed,"2,1,1,1",0,0,9280004,28,4,730,32505856.0,496,1983,0.0,0.0,0,0,0,,1
fixed_tuned,fixed,"2,1,1,1",0,10,9280000,28,4,730,29098350.0,444,1778,10.0,0.0,0,0,0,,1
fixed_tuned,fixed,"1,2,1,1",1,10,9280001,28,4,730,28966912.0,442,1761,10.0,0.0,0,0,0,,1
fixed_tuned,fixed,"1,1,2,1",2,10,9280002,28,4,730,28639648.0,437,1757,10.0,0.0,0,0,0,,1
fixed_tuned,fixed,"1,1,1,2",3,10,9280003,28,4,730,28901618.0,441,1750,10.0,0.0,0,0,0,,1
fixed_tuned,fixed,"2,1,1,1",0,10,9280004,28,4,730,29163646.0,445,1771,10.0,0.0,0,0,0,,1
fixed_tuned,fixed,"2,1,1,1",0,30,9280000,28,4,730,22938055.0,350,1393,30.0,0.0,0,0,0,,1
fixed_tuned,fixed,"1,2,1,1",1,30,9280001,28,4,730,22545272.0,344,1379,30.0,0.0,0,0,0,,1
fixed_tuned,fixed,"1,1,2,1",2,30,9280002,28,4,730,22872635.0,349,1376,30.0,0.0,0,0,0,,1
fixed_tuned,fixed,"1,1,1,2",3,30,9280003,28,4,730,22348467.0,341,1357,30.0,0.0,0,0,0,,1
fixed_tuned,fixed,"2,1,1,1",0,30,9280004,28,4,730,22020682.0,336,1360,30.0,0.0,0,0,0,,1
fixed_tuned,fixed,"2,1,1,1",0,60,9280000,28,4,730,12583755.0,192,762,60.0,0.0,0,0,0,,1
fixed_tuned,fixed,"1,2,1,1",1,60,9280001,28,4,730,12452829.0,190,767,60.0,0.0,0,0,0,,1
fixed_tuned,fixed,"1,1,2,1",2,60,9280002,28,4,730,12781199.0,195,771,60.0,0.0,0,0,0,,1
fixed_tuned,fixed,"1,1,1,2",3,60,9280003,28,4,730,12190722.0,186,741,60.0,0.0,0,0,0,,1
fixed_tuned,fixed,"2,1,1,1",0,60,9280004,28,4,730,12257277.0,187,734,60.0,0.0,0,0,0,,1
fixed_tuned,fixed,"2,1,1,1",0,90,9280000,28,4,730,2491997.0,38,150,90.0,0.0,0,0,0,,1
fixed_tuned,fixed,"1,2,1,1",1,90,9280001,28,4,730,2427109.0,37,152,90.0,0.0,0,0,0,,1
fixed_tuned,fixed,"1,1,2,1",2,90,9280002,28,4,730,2820014.0,43,172,90.0,0.0,0,0,0,,1
fixed_tuned,fixed,"1,1,1,2",3,90,9280003,28,4,730,2427376.0,37,138,90.0,0.0,0,0,0,,1
fixed_tuned,fixed,"2,1,1,1",0,90,9280004,28,4,730,2493751.0,38,145,90.0,0.0,0,0,0,,1
fixed_tuned,fixed,"3,2,3,3",1,0,9280001,28,4,730,32047167.0,489,1961,0.0,0.0,0,0,0,,1
fixed_tuned,fixed,"3,3,2,3",2,0,9280002,28,4,730,31981631.0,488,1954,0.0,0.0,0,0,0,,1
fixed_tuned,fixed,"2,3,3,3",0,0,9280000,28,4,730,31588478.0,482,1938,0.0,0.0,0,0,0,,1
fixed_tuned,fixed,"3,3,3,2",3,0,9280003,28,4,730,32178239.0,491,1978,0.0,0.0,0,0,0,,1
fixed_tuned,fixed,"2,3,3,3",0,0,9280004,28,4,730,31850622.0,486,1956,0.0,0.0,0,0,0,,1
fixed_tuned,fixed,"2,3,3,3",0,10,9280000,28,4,730,28442687.0,434,1755,10.0,0.0,0,0,0,,1
fixed_tuned,fixed,"3,3,2,3",2,10,9280002,28,4,730,28705006.0,438,1759,10.0,0.0,0,0,0,,1
fixed_tuned,fixed,"3,2,3,3",1,10,9280001,28,4,730,28770430.0,439,1756,10.0,0.0,0,0,0,,1
fixed_tuned,fixed,"3,3,3,2",3,10,9280003,28,4,730,29163520.0,445,1754,10.0,0.0,0,0,0,,1
fixed_tuned,fixed,"2,3,3,3",0,10,9280004,28,4,730,29098328.0,444,1775,10.0,0.0,0,0,0,,1
fixed_tuned,fixed,"2,3,3,3",0,30,9280000,28,4,730,22610371.0,345,1367,30.0,0.0,0,0,0,,1
fixed_tuned,fixed,"3,2,3,3",1,30,9280001,28,4,730,22217748.0,339,1358,30.0,0.0,0,0,0,,1
fixed_tuned,fixed,"3,3,2,3",2,30,9280002,28,4,730,22216877.0,339,1358,30.0,0.0,0,0,0,,0
fixed_tuned,fixed,"3,3,3,2",3,30,9280003,28,4,730,21889468.0,334,1347,30.0,0.0,0,0,0,,1
fixed_tuned,fixed,"2,3,3,3",0,30,9280004,28,4,730,21889626.0,334,1366,30.0,0.0,0,0,0,,1
fixed_tuned,fixed,"2,3,3,3",0,60,9280000,28,4,730,11928302.0,182,730,60.0,0.0,0,0,0,,0
fixed_tuned,fixed,"3,2,3,3",1,60,9280001,28,4,730,12387635.0,189,759,60.0,0.0,0,0,0,,1
fixed_tuned,fixed,"3,3,2,3",2,60,9280002,28,4,730,12191197.0,186,741,60.0,0.0,0,0,0,,1
fixed_tuned,fixed,"2,3,3,3",0,60,9280004,28,4,730,12321946.0,188,759,60.0,0.0,0,0,0,,1
fixed_tuned,fixed,"3,3,3,2",3,60,9280003,28,4,730,11798021.0,180,719,60.0,0.0,0,0,0,,1
fixed_tuned,fixed,"2,4,4,4",0,0,9280000,28,4,730,32243712.0,492,1963,0.0,0.0,0,0,0,,1
fixed_tuned,fixed,"4,2,4,4",1,0,9280001,28,4,730,32047230.0,489,1962,0.0,0.0,0,0,0,,1
fixed_tuned,fixed,"4,4,2,4",2,0,9280002,28,4,730,32571455.0,497,1992,0.0,0.0,0,0,0,,1
fixed_tuned,fixed,"4,4,4,2",3,0,9280003,28,4,730,32834143.0,501,2002,0.0,0.0,0,0,0,,1
fixed_tuned,fixed,"2,4,4,4",0,0,9280004,28,4,730,32833692.0,501,1981,0.0,0.0,0,0,0,,1
fixed_tuned,fixed,"2,4,4,4",0,10,9280000,28,4,730,28704831.0,438,1759,10.0,0.0,0,0,0,,1
fixed_tuned,fixed,"4,2,4,4",1,10,9280001,28,4,730,28835896.0,440,1756,10.0,0.0,0,0,0,,1
fixed_tuned,fixed,"4,4,2,4",2,10,9280002,28,4,730,29360482.0,448,1792,10.0,0.0,0,0,0,,1
fixed_tuned,fixed,"4,4,4,2",3,10,9280003,28,4,730,28902405.0,441,1779,10.0,0.0,0,0,0,,1
fixed_tuned,fixed,"2,4,4,4",0,10,9280004,28,4,730,29426567.0,449,1787,10.0,0.0,0,0,0,,1
fixed_tuned,fixed,"2,4,4,4",0,30,9280000,28,4,730,22349242.0,341,1363,30.0,0.0,0,0,0,,1
fixed_tuned,fixed,"4,2,4,4",1,30,9280001,28,4,730,22216851.0,339,1351,30.0,0.0,0,0,0,,1
fixed_tuned,fixed,"4,4,2,4",2,30,9280002,28,4,730,22020798.0,336,1353,30.0,0.0,0,0,0,,1
fixed_tuned,fixed,"4,4,4,2",3,30,9280003,28,4,730,22151325.0,338,1353,30.0,0.0,0,0,0,,1
fixed_tuned,fixed,"2,4,4,4",0,30,9280004,28,4,730,22479696.0,343,1361,30.0,0.0,0,0,0,,1
fixed_tuned,fixed,"2,4,4,4",0,60,9280000,28,4,730,13568762.0,207,861,60.0,0.0,0,0,0,,1
fixed_tuned,fixed,"4,2,4,4",1,60,9280001,28,4,730,13699783.0,209,838,60.0,0.0,0,0,0,,1
fixed_tuned,fixed,"4,4,2,4",2,60,9280002,28,4,730,13240619.0,202,825,60.0,0.0,0,0,0,,1
fixed_tuned,fixed,"4,4,4,2",3,60,9280003,28,4,730,13764868.0,210,825,60.0,0.0,0,0,0,,1
fixed_tuned,fixed,"2,4,4,4",0,60,9280004,28,4,730,14223457.0,217,870,60.0,0.0,0,0,0,,1
fixed_tuned,fixed,"2,3,3,3",0,90,9280000,28,4,730,2557571.0,39,136,90.0,0.0,0,0,0,,1
fixed_tuned,fixed,"2,4,4,4",0,90,9280000,28,4,730,6425201.0,98,379,90.0,0.0,0,0,0,,1
fixed_tuned,fixed,"4,2,4,4",1,90,9280001,28,4,730,6097233.0,93,382,90.0,0.0,0,0,0,,1
fixed_tuned,fixed,"4,4,2,4",2,90,9280002,28,4,730,6032440.0,92,365,90.0,0.0,0,0,0,,1
fixed_tuned,fixed,"2,4,4,4",0,90,9280004,28,4,730,5900301.0,90,375,90.0,0.0,0,0,0,,1
fixed_tuned,fixed,"4,4,4,2",3,90,9280003,28,4,730,5050976.0,77,304,90.0,0.0,0,0,0,,1
fixed_tuned,fixed,"2,6,6,6",0,0,9280000,28,4,730,32505856.0,496,1979,0.0,0.0,0,0,0,,1
fixed_tuned,fixed,"6,2,6,6",1,0,9280001,28,4,730,32112640.0,490,1977,0.0,0.0,0,0,0,,1
fixed_tuned,fixed,"6,6,2,6",2,0,9280002,28,4,730,32637812.0,498,1995,0.0,0.0,0,0,0,,1
fixed_tuned,fixed,"6,6,6,2",3,0,9280003,28,4,730,31981568.0,488,1957,0.0,0.0,0,0,0,,0
fixed_tuned,fixed,"2,6,6,6",0,0,9280004,28,4,730,32374784.0,494,1960,0.0,0.0,0,0,0,,1
fixed_tuned,fixed,"2,6,6,6",0,10,9280000,28,4,730,29032448.0,443,1771,10.0,0.0,0,0,0,,1
fixed_tuned,fixed,"6,2,6,6",1,10,9280001,28,4,730,28573822.0,436,1766,10.0,0.0,0,0,0,,1
fixed_tuned,fixed,"6,6,2,6",2,10,9280002,28,4,730,29360617.0,448,1794,10.0,0.0,0,0,0,,1
fixed_tuned,fixed,"6,6,6,2",3,10,9280003,28,4,730,28770367.0,439,1771,10.0,0.0,0,0,0,,1
fixed_tuned,fixed,"2,6,6,6",0,10,9280004,28,4,730,28639242.0,437,1765,10.0,0.0,0,0,0,,1
fixed_tuned,fixed,"2,6,6,6",0,30,9280000,28,4,730,22478957.0,343,1386,30.0,0.0,0,0,0,,1
fixed_tuned,fixed,"6,2,6,6",1,30,9280001,28,4,730,22283570.0,340,1374,30.0,0.0,0,0,0,,1
fixed_tuned,fixed,"6,6,2,6",2,30,9280002,28,4,730,22676285.0,346,1363,30.0,0.0,0,0,0,,1
fixed_tuned,fixed,"6,6,6,2",3,30,9280003,28,4,730,22610294.0,345,1387,30.0,0.0,0,0,0,,1
fixed_tuned,fixed,"2,6,6,6",0,30,9280004,28,4,730,21626934.0,330,1342,30.0,0.0,0,0,0,,1
fixed_tuned,fixed,"2,6,6,6",0,60,9280000,28,4,730,12387523.0,189,755,60.0,0.0,0,0,0,,1
fixed_tuned,fixed,"6,2,6,6",1,60,9280001,28,4,730,12650631.0,193,764,60.0,0.0,0,0,0,,1
fixed_tuned,fixed,"6,6,2,6",2,60,9280002,28,4,730,12585883.0,192,770,60.0,0.0,0,0,0,,1
fixed_tuned,fixed,"6,6,6,2",3,60,9280003,28,4,730,12191227.0,186,760,60.0,0.0,0,0,0,,1
fixed_tuned,fixed,"2,6,6,6",0,60,9280004,28,4,730,12912096.0,197,783,60.0,0.0,0,0,0,,1
fixed_tuned,fixed,"2,6,6,6",0,90,9280000,28,4,730,2821383.0,43,184,90.0,0.0,0,0,0,,1
fixed_tuned,fixed,"6,2,6,6",1,90,9280001,28,4,730,2821183.0,43,199,90.0,0.0,0,0,0,,1
fixed_tuned,fixed,"6,6,2,6",2,90,9280002,28,4,730,3539868.0,54,203,90.0,0.0,0,0,0,,1
fixed_tuned,fixed,"6,6,6,2",3,90,9280003,28,4,730,3279253.0,50,179,90.0,0.0,0,0,0,,1
fixed_tuned,fixed,"2,7,7,7",0,0,9280000,28,4,730,32112703.0,490,1962,0.0,0.0,0,0,0,,1
fixed_tuned,fixed,"7,2,7,7",1,0,9280001,28,4,730,32440320.0,495,1976,0.0,0.0,0,0,0,,1
fixed_tuned,fixed,"7,7,2,7",2,0,9280002,28,4,730,32505856.0,496,1985,0.0,0.0,0,0,0,,1
fixed_tuned,fixed,"7,7,7,2",3,0,9280003,28,4,730,32243775.0,492,1970,0.0,0.0,0,0,0,,1
fixed_tuned,fixed,"2,7,7,7",0,0,9280004,28,4,730,31981568.0,488,1955,0.0,0.0,0,0,0,,0
fixed_tuned,fixed,"2,6,6,6",0,90,9280004,28,4,730,3213099.0,49,180,90.0,0.0,0,0,0,,1
fixed_tuned,fixed,"2,7,7,7",0,10,9280000,28,4,730,28835967.0,440,1779,10.0,0.0,0,0,0,,1
fixed_tuned,fixed,"7,2,7,7",1,10,9280001,28,4,730,29294764.0,447,1779,10.0,0.0,0,0,0,,1
fixed_tuned,fixed,"7,7,2,7",2,10,9280002,28,4,730,29425787.0,449,1784,10.0,0.0,0,0,0,,1
fixed_tuned,fixed,"7,7,7,2",3,10,9280003,28,4,730,30212096.0,461,1799,10.0,0.0,0,0,0,,1
fixed_tuned,fixed,"3,2,3,3",1,90,9280001,28,4,730,2492487.0,38,144,90.0,0.0,0,0,0,,1
fixed_tuned,fixed,"2,7,7,7",0,10,9280004,28,4,730,29687934.0,453,1772,10.0,0.0,0,0,0,,1
fixed_tuned,fixed,"2,7,7,7",0,30,9280000,28,4,730,22937713.0,350,1401,30.0,0.0,0,0,0,,1
fixed_tuned,fixed,"7,2,7,7",1,30,9280001,28,4,730,23265619.0,355,1407,30.0,0.0,0,0,0,,1
fixed_tuned,fixed,"7,7,2,7",2,30,9280002,28,4,730,22741737.0,347,1413,30.0,0.0,0,0,0,,1
fixed_tuned,fixed,"7,7,7,2",3,30,9280003,28,4,730,22610046.0,345,1385,30.0,0.0,0,0,0,,0
fixed_tuned,fixed,"2,7,7,7",0,30,9280004,28,4,730,23003700.0,351,1402,30.0,0.0,0,0,0,,1
fixed_tuned,fixed,"2,7,7,7",0,60,9280000,28,4,730,13107829.0,200,824,60.0,0.0,0,0,0,,1
fixed_tuned,fixed,"7,2,7,7",1,60,9280001,28,4,730,13239265.0,202,806,60.0,0.0,0,0,0,,1
fixed_tuned,fixed,"7,7,2,7",2,60,9280002,28,4,730,13697744.0,209,831,60.0,0.0,0,0,0,,1
fixed_tuned,fixed,"7,7,7,2",3,60,9280003,28,4,730,13631657.0,208,822,60.0,0.0,0,0,0,,1
fixed_tuned,fixed,"2,7,7,7",0,60,9280004,28,4,730,13109915.0,200,811,60.0,0.0,0,0,0,,1
fixed_tuned,fixed,"2,7,7,7",0,90,9280000,28,4,730,3670087.0,56,236,90.0,0.0,0,0,0,,1
fixed_tuned,fixed,"7,2,7,7",1,90,9280001,28,4,730,4064805.0,62,253,90.0,0.0,0,0,0,,1
fixed_tuned,fixed,"7,7,2,7",2,90,9280002,28,4,730,3670805.0,56,234,90.0,0.0,0,0,0,,1
fixed_tuned,fixed,"2,8,8,8",0,0,9280000,28,4,730,32112703.0,490,1962,0.0,0.0,0,0,0,,1
fixed_tuned,fixed,"7,7,7,2",3,90,9280003,28,4,730,4128948.0,63,240,90.0,0.0,0,0,0,,1
fixed_tuned,fixed,"2,7,7,7",0,90,9280004,28,4,730,3474951.0,53,237,90.0,0.0,0,0,0,,1
fixed_tuned,fixed,"8,2,8,8",1,0,9280001,28,4,730,31981798.0,488,1959,0.0,0.0,0,0,0,,1
fixed_tuned,fixed,"8,8,2,8",2,0,9280002,28,4,730,32505856.0,496,1985,0.0,0.0,0,0,0,,1
fixed_tuned,fixed,"8,8,8,2",3,0,9280003,28,4,730,32243775.0,492,1970,0.0,0.0,0,0,0,,1
fixed_tuned,fixed,"2,8,8,8",0,0,9280004,28,4,730,31981568.0,488,1955,0.0,0.0,0,0,0,,0
fixed_tuned,fixed,"2,8,8,8",0,10,9280000,28,4,730,28901500.0,441,1768,10.0,0.0,0,0,0,,1
fixed_tuned,fixed,"8,2,8,8",1,10,9280001,28,4,730,28770392.0,439,1768,10.0,0.0,0,0,0,,1
fixed_tuned,fixed,"8,8,2,8",2,10,9280002,28,4,730,29163520.0,445,1754,10.0,0.0,0,0,0,,0
fixed_tuned,fixed,"8,8,8,2",3,10,9280003,28,4,730,28704821.0,438,1746,10.0,0.0,0,0,0,,1
fixed_tuned,fixed,"2,8,8,8",0,10,9280004,28,4,730,29425664.0,449,1772,10.0,0.0,0,0,0,,1
fixed_tuned,fixed,"2,8,8,8",0,30,9280000,28,4,730,22086153.0,337,1347,30.0,0.0,0,0,0,,1
fixed_tuned,fixed,"8,2,8,8",1,30,9280001,28,4,730,22086442.0,337,1340,30.0,0.0,0,0,0,,1
fixed_tuned,fixed,"8,8,2,8",2,30,9280002,28,4,730,22807564.0,348,1385,30.0,0.0,0,0,0,,1
fixed_tuned,fixed,"8,8,8,2",3,30,9280003,28,4,730,22021303.0,336,1339,30.0,0.0,0,0,0,,1
fixed_tuned,fixed,"2,8,8,8",0,30,9280004,28,4,730,22479199.0,343,1375,30.0,0.0,0,0,0,,1
fixed_tuned,fixed,"2,8,8,8",0,60,9280000,28,4,730,12321710.0,188,738,60.0,0.0,0,0,0,,1
fixed_tuned,fixed,"8,2,8,8",1,60,9280001,28,4,730,12190707.0,186,738,60.0,0.0,0,0,0,,1
fixed_tuned,fixed,"8,8,2,8",2,60,9280002,28,4,730,12976982.0,198,778,60.0,0.0,0,0,0,,1
fixed_tuned,fixed,"8,8,8,2",3,60,9280003,28,4,730,11994532.0,183,724,60.0,0.0,0,0,0,,1
fixed_tuned,fixed,"2,8,8,8",0,60,9280004,28,4,730,12583889.0,192,768,60.0,0.0,0,0,0,,1
fixed_tuned,fixed,"2,8,8,8",0,90,9280000,28,4,730,2361306.0,36,144,90.0,0.0,0,0,0,,1
fixed_tuned,fixed,"8,2,8,8",1,90,9280001,28,4,730,2033473.0,31,115,90.0,0.0,0,0,0,,1
fixed_tuned,fixed,"8,8,2,8",2,90,9280002,28,4,730,2950995.0,45,168,90.0,0.0,0,0,0,,1
fixed_tuned,fixed,"2,9,9,9",0,0,9280000,28,4,730,32112703.0,490,1962,0.0,0.0,0,0,0,,1
fixed_tuned,fixed,"8,8,8,2",3,90,9280003,28,4,730,1771627.0,27,119,90.0,0.0,0,0,0,,1
fixed_tuned,fixed,"9,2,9,9",1,0,9280001,28,4,730,31981631.0,488,1950,0.0,0.0,0,0,0,,1
fixed_tuned,fixed,"9,9,2,9",2,0,9280002,28,4,730,32571553.0,497,1977,0.0,0.0,0,0,0,,1
fixed_tuned,fixed,"2,8,8,8",0,90,9280004,28,4,730,2557607.0,39,162,90.0,0.0,0,0,0,,1
fixed_tuned,fixed,"9,9,9,2",3,0,9280003,28,4,730,32309645.0,493,1979,0.0,0.0,0,0,0,,1
fixed_tuned,fixed,"2,9,9,9",0,0,9280004,28,4,730,32244112.0,492,1975,0.0,0.0,0,0,0,,1
fixed_tuned,fixed,"2,9,9,9",0,10,9280000,28,4,730,31523197.0,481,1919,10.0,0.0,0,0,0,,1
fixed_tuned,fixed,"9,2,9,9",1,10,9280001,28,4,730,32178345.0,491,1959,10.0,0.0,0,0,0,,1
fixed_tuned,fixed,"9,9,2,9",2,10,9280002,28,4,730,31785489.0,485,1938,10.0,0.0,0,0,0,,1
fixed_tuned,fixed,"9,9,9,2",3,10,9280003,28,4,730,31916590.0,487,1944,10.0,0.0,0,0,0,,1
fixed_tuned,fixed,"2,9,9,9",0,10,9280004,28,4,730,31916394.0,487,1939,10.0,0.0,0,0,0,,1
fixed_tuned,fixed,"2,9,9,9",0,30,9280000,28,4,730,27328900.0,417,1662,30.0,0.0,0,0,0,,1
fixed_tuned,fixed,"9,2,9,9",1,30,9280001,28,4,730,27657123.0,422,1683,30.0,0.0,0,0,0,,1
fixed_tuned,fixed,"9,9,2,9",2,30,9280002,28,4,730,27919040.0,426,1724,30.0,0.0,0,0,0,,1
fixed_tuned,fixed,"9,9,9,2",3,30,9280003,28,4,730,26935799.0,411,1639,30.0,0.0,0,0,0,,1
fixed_tuned,fixed,"2,9,9,9",0,30,9280004,28,4,730,27525494.0,420,1685,30.0,0.0,0,0,0,,1
fixed_tuned,fixed,"2,9,9,9",0,60,9280000,28,4,730,17564422.0,268,1087,60.0,0.0,0,0,0,,1
fixed_tuned,fixed,"9,2,9,9",1,60,9280001,28,4,730,17827612.0,272,1082,60.0,0.0,0,0,0,,1
fixed_tuned,fixed,"9,9,2,9",2,60,9280002,28,4,730,18482299.0,282,1134,60.0,0.0,0,0,0,,1
fixed_tuned,fixed,"9,9,9,2",3,60,9280003,28,4,730,18941920.0,289,1152,60.0,0.0,0,0,0,,1
fixed_tuned,fixed,"2,9,9,9",0,60,9280004,28,4,730,17695424.0,270,1107,60.0,0.0,0,0,0,,1
fixed_tuned,fixed,"2,9,9,9",0,90,9280000,28,4,730,9896924.0,151,607,90.0,0.0,0,0,0,,1
fixed_tuned,fixed,"9,2,9,9",1,90,9280001,28,4,730,10027678.0,153,613,90.0,0.0,0,0,0,,1
fixed_tuned,fixed,"9,9,2,9",2,90,9280002,28,4,730,9177044.0,140,583,90.0,0.0,0,0,0,,1
fixed_tuned,fixed,"2,10,10,10",0,0,9280000,28,4,730,32112703.0,490,1962,0.0,0.0,0,0,0,,1
fixed_tuned,fixed,"9,9,9,2",3,90,9280003,28,4,730,9373799.0,143,560,90.0,0.0,0,0,0,,1
fixed_tuned,fixed,"10,2,10,10",1,0,9280001,28,4,730,32440320.0,495,1976,0.0,0.0,0,0,0,,1
fixed_tuned,fixed,"2,9,9,9",0,90,9280004,28,4,730,9503867.0,145,596,90.0,0.0,0,0,0,,1
fixed_tuned,fixed,"10,10,2,10",2,0,9280002,28,4,730,32505856.0,496,1985,0.0,0.0,0,0,0,,1
fixed_tuned,fixed,"10,10,10,2",3,0,9280003,28,4,730,32243775.0,492,1970,0.0,0.0,0,0,0,,1
fixed_tuned,fixed,"2,10,10,10",0,0,9280004,28,4,730,31981568.0,488,1955,0.0,0.0,0,0,0,,0
fixed_tuned,fixed,"2,10,10,10",0,10,9280000,28,4,730,28967097.0,442,1772,10.0,0.0,0,0,0,,1
fixed_tuned,fixed,"10,2,10,10",1,10,9280001,28,4,730,29098099.0,444,1779,10.0,0.0,0,0,0,,1
fixed_tuned,fixed,"10,10,2,10",2,10,9280002,28,4,730,29163520.0,445,1754,10.0,0.0,0,0,0,,0
fixed_tuned,fixed,"10,10,10,2",3,10,9280003,28,4,730,28704821.0,438,1746,10.0,0.0,0,0,0,,1
fixed_tuned,fixed,"2,10,10,10",0,10,9280004,28,4,730,29425664.0,449,1772,10.0,0.0,0,0,0,,1
fixed_tuned,fixed,"2,10,10,10",0,30,9280000,28,4,730,22413793.0,342,1367,30.0,0.0,0,0,0,,1
fixed_tuned,fixed,"10,2,10,10",1,30,9280001,28,4,730,22807359.0,348,1365,30.0,0.0,0,0,0,,1
fixed_tuned,fixed,"10,10,2,10",2,30,9280002,28,4,730,22676228.0,346,1359,30.0,0.0,0,0,0,,1
fixed_tuned,fixed,"10,10,10,2",3,30,9280003,28,4,730,22021303.0,336,1339,30.0,0.0,0,0,0,,1
fixed_tuned,fixed,"2,10,10,10",0,30,9280004,28,4,730,22479199.0,343,1375,30.0,0.0,0,0,0,,1
fixed_tuned,fixed,"2,10,10,10",0,60,9280000,28,4,730,12125284.0,185,745,60.0,0.0,0,0,0,,1
fixed_tuned,fixed,"10,2,10,10",1,60,9280001,28,4,730,12518529.0,191,770,60.0,0.0,0,0,0,,1
fixed_tuned,fixed,"10,10,2,10",2,60,9280002,28,4,730,12453925.0,190,748,60.0,0.0,0,0,0,,1
fixed_tuned,fixed,"10,10,10,2",3,60,9280003,28,4,730,12256573.0,187,747,60.0,0.0,0,0,0,,1
fixed_tuned,fixed,"2,10,10,10",0,60,9280004,28,4,730,12454314.0,190,772,60.0,0.0,0,0,0,,1
fixed_tuned,fixed,"2,10,10,10",0,90,9280000,28,4,730,1902172.0,29,114,90.0,0.0,0,0,0,,1
fixed_tuned,fixed,"10,2,10,10",1,90,9280001,28,4,730,2360895.0,36,134,90.0,0.0,0,0,0,,1
fixed_tuned,fixed,"10,10,2,10",2,90,9280002,28,4,730,2361823.0,36,129,90.0,0.0,0,0,0,,1
fixed_tuned,fixed,"10,10,10,2",3,90,9280003,28,4,730,2362169.0,36,133,90.0,0.0,0,0,0,,1
fixed_tuned,fixed,"2,10,10,10",0,90,9280004,28,4,730,2950497.0,45,150,90.0,0.0,0,0,0,,1
fixed_tuned,fixed,"3,3,2,3",2,90,9280002,28,4,730,2427058.0,37,144,90.0,0.0,0,0,0,,2
fixed_tuned,fixed,"3,3,3,2",3,90,9280003,28,4,730,2165549.0,33,134,90.0,0.0,0,0,0,,1
fixed_tuned,fixed,"2,3,3,3",0,90,9280004,28,4,730,2427366.0,37,144,90.0,0.0,0,0,0,,2
